State,District,Pincode,Year,Quater,Trans_dist_count,Trans_dist_amount,Trans_pincode_count,Trans_pincode_amount
andaman-&-nicobar-islands,south andaman,744101,2018,1,5688,12560249.343665812,1622,2769297.9039997994
andaman-&-nicobar-islands,south andaman,744101,2018,2,9395,23948235.51634325,2701,6310089.917084678
andaman-&-nicobar-islands,south andaman,744101,2018,3,13511,44268112.46425246,3462,10833893.444488766
andaman-&-nicobar-islands,south andaman,744101,2018,4,20136,75411840.8018554,4674,16392855.280625317
andaman-&-nicobar-islands,south andaman,744103,2019,1,25683,85501972.38780196,5742,19401964.77965755
andaman-&-nicobar-islands,south andaman,744104,2019,2,28490,102530955.71341258,6142,15625676.560883244
andaman-&-nicobar-islands,south andaman,744103,2019,3,27421,91023888.32848613,5680,19906337.014255583
andaman-&-nicobar-islands,south andaman,744104,2019,4,27843,110930312.20611623,6633,20626642.701508522
andaman-&-nicobar-islands,south andaman,744101,2020,1,32713,134679396.90582758,11793,58229349.02415232
andaman-&-nicobar-islands,south andaman,744101,2020,2,48088,132855778.74838585,11868,48293323.21851964
andaman-&-nicobar-islands,south andaman,744101,2020,3,95323,282366109.20523936,24386,100439119.66860783
andaman-&-nicobar-islands,south andaman,744103,2020,4,186494,523122462.883029,46884,138264791.5489212
andaman-&-nicobar-islands,south andaman,744101,2021,1,207092,669604045.1248703,55726,190830957.0606181
andaman-&-nicobar-islands,south andaman,744101,2021,2,286907,760893020.5704947,73334,227585492.7414593
andaman-&-nicobar-islands,south andaman,744101,2021,3,382418,1116789010.6459613,116324,388328168.7639693
andaman-&-nicobar-islands,south andaman,744101,2021,4,558571,1694794708.0093331,165719,533026207.9731797
andaman-&-nicobar-islands,south andaman,744101,2022,1,705512,1872991195.902684,209941,615978080.6944855
andaman-&-nicobar-islands,south andaman,744101,2022,2,954875,2357326563.362071,252722,702122365.3629664
andaman-&-nicobar-islands,south andaman,744104,2022,3,1455255,2967719400.8499093,497273,951370315.4090765
andaman-&-nicobar-islands,south andaman,744104,2022,4,1835592,3600887266.099448,684366,1309407988.2902
andaman-&-nicobar-islands,south andaman,744103,2023,1,2030078,3867385426.0,503053,969594706.0
andaman-&-nicobar-islands,south andaman,744103,2023,2,2417058,4297737197.0,597774,1119274409.0
andaman-&-nicobar-islands,south andaman,744103,2023,3,2771397,4462201588.0,697625,1158992204.0
andaman-&-nicobar-islands,south andaman,744103,2023,4,3311962,5417264997.0,817988,1376084403.0
andhra-pradesh,visakhapatnam,517501,2018,1,1256469,1749966196.5049949,110496,163487278.84449506
andhra-pradesh,visakhapatnam,517501,2018,2,1641192,2987853607.2939095,165506,305629373.15863353
andhra-pradesh,visakhapatnam,518502,2018,3,3394576,4821892253.393524,1300146,709765829.9649723
andhra-pradesh,visakhapatnam,518502,2018,4,4791421,7366635864.849373,441662,332201263.2829269
andhra-pradesh,visakhapatnam,530001,2019,1,9690866,13459857440.552685,950821,1529039457.6419592
andhra-pradesh,visakhapatnam,530001,2019,2,11705738,20797479804.029076,2602865,5218795715.70141
andhra-pradesh,visakhapatnam,530001,2019,3,16694947,26944837120.046288,2944756,6693257653.901131
andhra-pradesh,visakhapatnam,530001,2019,4,23594874,39133296330.04462,4185063,9160387223.4497
andhra-pradesh,visakhapatnam,530026,2020,1,27115031,48809747614.678894,6695271,15258657486.862274
andhra-pradesh,visakhapatnam,530026,2020,2,25300401,48293889917.41437,4994637,12817902607.017586
andhra-pradesh,visakhapatnam,524002,2020,3,34421299,67628440368.111465,5194663,13718743729.17845
andhra-pradesh,visakhapatnam,524002,2020,4,46551467,91879823025.40399,5029692,12810644736.250324
andhra-pradesh,visakhapatnam,524002,2021,1,48248923,95308386037.84721,7269657,16698428355.239132
andhra-pradesh,visakhapatnam,524002,2021,2,54390299,114439012713.35336,11023032,25519404146.52658
andhra-pradesh,visakhapatnam,524002,2021,3,69220981,136945652159.26517,10701326,23300508690.71216
andhra-pradesh,visakhapatnam,524002,2021,4,82711538,159530099772.73474,14158439,30358274591.367683
andhra-pradesh,visakhapatnam,524002,2022,1,88233362,170120350591.26004,16133298,35123754551.39544
andhra-pradesh,visakhapatnam,524002,2022,2,101387402,193242841582.14282,18822839,40556750377.6809
andhra-pradesh,visakhapatnam,530026,2022,3,97434546,181124419863.61444,10427710,24452749355.343765
andhra-pradesh,visakhapatnam,530026,2022,4,103790055,185306149744.73105,10249750,23326515677.88234
andhra-pradesh,visakhapatnam,517501,2023,1,164358781,277211090180.0,15726677,25326343019.0
andhra-pradesh,visakhapatnam,517501,2023,2,184918179,303874597259.0,17533692,27847769343.0
andhra-pradesh,visakhapatnam,517501,2023,3,209884966,328927220951.0,19950308,30481660225.0
andhra-pradesh,visakhapatnam,517501,2023,4,223584765,344512874812.0,20947807,31651864587.0
arunachal-pradesh,papum pare,791110,2018,1,14224,32555848.462331478,4253,8605127.65004581
arunachal-pradesh,papum pare,791110,2018,2,25363,66520931.20355793,7878,19894634.32236063
arunachal-pradesh,papum pare,791110,2018,3,43282,101080479.2917223,13489,28577947.494984522
arunachal-pradesh,papum pare,791110,2018,4,55224,154875448.20778143,18305,50770919.03443284
arunachal-pradesh,papum pare,791110,2019,1,70941,188556716.3567257,21769,56305175.15742187
arunachal-pradesh,papum pare,791110,2019,2,86433,246640891.34861866,28827,80501052.65730712
arunachal-pradesh,papum pare,791110,2019,3,117940,301518075.7016427,38560,104152420.6903958
arunachal-pradesh,papum pare,791110,2019,4,143272,378838002.3434037,46210,135166318.90100121
arunachal-pradesh,papum pare,791110,2020,1,180373,457430754.15953165,53858,134164730.89583132
arunachal-pradesh,papum pare,791110,2020,2,221728,535085907.3404856,66660,161486745.43774873
arunachal-pradesh,papum pare,791113,2020,3,298350,859373863.7202578,85276,286434881.1365983
arunachal-pradesh,papum pare,791110,2020,4,390528,1205917753.7046227,115682,355243299.60706156
arunachal-pradesh,papum pare,791113,2021,1,419891,1388723426.7156572,127025,394958954.74942803
arunachal-pradesh,papum pare,791113,2021,2,552953,1501062555.477559,170268,432196673.5193349
arunachal-pradesh,papum pare,791113,2021,3,710098,1995999756.3372893,225427,582965112.523323
arunachal-pradesh,papum pare,791113,2021,4,919925,2435796597.1781564,279958,685093585.2469286
arunachal-pradesh,papum pare,791113,2022,1,1163726,2909248438.629796,336780,819363323.7219163
arunachal-pradesh,papum pare,791110,2022,2,1444757,3269917296.5595775,449672,1063144517.2715561
arunachal-pradesh,papum pare,791110,2022,3,1651143,3211809407.131925,493396,989512226.2480668
arunachal-pradesh,papum pare,791110,2022,4,1917365,3401999228.93926,579246,1065690345.4630343
arunachal-pradesh,papum pare,791110,2023,1,3302746,5900429571.0,1008590,1865632904.0
arunachal-pradesh,papum pare,791110,2023,2,4245307,7148674913.0,1284096,2250046634.0
arunachal-pradesh,papum pare,791110,2023,3,5410471,7595971259.0,1661134,2365086913.0
arunachal-pradesh,papum pare,791110,2023,4,5938599,8374060439.0,1837445,2669223628.0
assam,kamrup metropolitan,782127,2018,1,194617,284766218.98487484,36278,55685104.31004669
assam,kamrup metropolitan,782127,2018,2,320417,548619364.2308466,48384,116170095.69804743
assam,kamrup metropolitan,781010,2018,3,476050,884121118.8280818,53744,63112506.38368155
assam,kamrup metropolitan,782123,2018,4,686010,1345451492.4344451,191097,40365958.68121323
assam,kamrup metropolitan,781010,2019,1,1306775,2605380335.9221573,503839,1078124661.8328056
assam,kamrup metropolitan,781010,2019,2,2488968,5089657876.792284,1651072,3400967170.8048086
assam,kamrup metropolitan,781010,2019,3,2188998,6080999088.202992,1013793,3958005278.9310026
assam,kamrup metropolitan,781010,2019,4,2510384,7206165641.817837,1082582,4255353965.453718
assam,kamrup metropolitan,781009,2020,1,3338601,10080547554.265474,1780036,7174086430.866011
assam,kamrup metropolitan,781009,2020,2,2543890,7190215278.036329,1192185,4778567764.009242
assam,kamrup metropolitan,781009,2020,3,4268591,13346088870.114109,2659242,10013749462.54474
assam,kamrup metropolitan,781009,2020,4,5300547,16105922899.456022,2706533,10280991607.128572
assam,kamrup metropolitan,781009,2021,1,9400818,24003716533.697937,6524270,17428233384.59051
assam,kamrup metropolitan,781009,2021,2,12113618,26948905679.32876,9152474,20665273162.818207
assam,kamrup metropolitan,781009,2021,3,16840668,36123082534.66112,12729978,27464031964.343338
assam,kamrup metropolitan,781009,2021,4,22903930,48177919267.36949,16779607,36391151860.79283
assam,kamrup metropolitan,781009,2022,1,28908435,60093746992.89225,21143287,46189827357.81514
assam,kamrup metropolitan,781009,2022,2,37896005,70515346667.22394,27909097,54262481044.38667
assam,kamrup metropolitan,781013,2022,3,39606017,69410860235.2296,23740033,43477837025.4255
assam,kamrup metropolitan,781013,2022,4,48873033,84183380553.41818,35940014,65266942297.03035
assam,kamrup metropolitan,781022,2023,1,22957420,32177527551.0,1749029,2342279502.0
assam,kamrup metropolitan,781022,2023,2,27633429,36066525702.0,2063166,2562924738.0
assam,kamrup metropolitan,781022,2023,3,33252533,38969448090.0,2491926,2811683722.0
assam,kamrup metropolitan,781022,2023,4,35741066,42066992122.0,2640320,3002470389.0
bihar,patna,800006,2018,1,1197281,1282492050.6392517,212121,159171214.37736017
bihar,patna,800006,2018,2,1650942,2328839155.6378717,289074,284053574.9517867
bihar,patna,800006,2018,3,3360157,3873142430.776816,665118,534610346.8106643
bihar,patna,800006,2018,4,3256138,4907266831.02173,609082,621980077.1833534
bihar,patna,800015,2019,1,7894598,11217940482.124462,3028480,5194115440.272243
bihar,patna,800015,2019,2,13421445,26125484618.416542,9362673,19331794343.882797
bihar,patna,800015,2019,3,13404838,29128507191.150093,8554034,21451659382.23745
bihar,patna,800015,2019,4,17235243,37707384360.64211,10441675,26228173437.467873
bihar,patna,800001,2020,1,15560992,39935619593.17576,10678852,31286535937.050377
bihar,patna,800001,2020,2,13807801,37859920784.96573,9603835,29875811977.924404
bihar,patna,800001,2020,3,20716631,53687192629.51601,14656027,41210183921.21666
bihar,patna,800001,2020,4,24443301,59562106826.23723,14983099,39976507362.546104
bihar,patna,800001,2021,1,41272981,88998693556.23962,30937663,68071234953.67711
bihar,patna,800001,2021,2,53400850,114936398151.99364,42836603,91781680811.21814
bihar,patna,800001,2021,3,65085179,120377977089.17227,49086869,90644799090.2764
bihar,patna,800001,2021,4,81765610,151293164596.91888,61784983,113485175570.40103
bihar,patna,800001,2022,1,91217400,170738998652.74045,68427326,126972470461.14954
bihar,patna,800001,2022,2,119754430,215948701155.29102,90260337,162195041186.36072
bihar,patna,800001,2022,3,188665398,298860414441.2887,143978604,226644911906.22284
bihar,patna,800001,2022,4,217434851,352393762150.454,167166031,269652534972.60126
bihar,patna,800001,2023,1,69820541,112520666995.0,12179084,18175841558.0
bihar,patna,800001,2023,2,86311917,130723225180.0,14924753,20861625980.0
bihar,patna,800001,2023,3,98013455,132269181273.0,17490601,21966069342.0
bihar,patna,800001,2023,4,107884364,150536099493.0,18638266,24011379591.0
chandigarh,chandigarh,160008,2018,1,381895,613435420.8676233,204745,303482049.9617378
chandigarh,chandigarh,160008,2018,2,479084,961223261.74473,219223,426354525.80047756
chandigarh,chandigarh,160008,2018,3,616936,1369354447.5343118,266799,565737482.4917
chandigarh,chandigarh,160008,2018,4,905116,2032591591.779975,396339,895353190.2196677
chandigarh,chandigarh,160008,2019,1,1274476,2396032050.444029,574769,1069931934.1313274
chandigarh,chandigarh,160008,2019,2,1252470,2693116098.9444556,515736,1195330472.0624313
chandigarh,chandigarh,160008,2019,3,1506543,3269682087.660841,463581,1411083644.7822614
chandigarh,chandigarh,160008,2019,4,1850915,4152513817.939354,635340,1899718879.7545958
chandigarh,chandigarh,160008,2020,1,2262511,5126453070.016205,925287,2724066380.956586
chandigarh,chandigarh,160008,2020,2,1528010,3847015729.690074,672280,2213962955.141224
chandigarh,chandigarh,160008,2020,3,2158086,5089809353.36507,813514,2456075017.244974
chandigarh,chandigarh,160008,2020,4,2912716,6146762901.349346,781840,2246493451.2564173
chandigarh,chandigarh,160008,2021,1,3970237,7596420859.545994,1566609,3447517923.578706
chandigarh,chandigarh,160008,2021,2,4417547,8417673939.9361,2071075,4384400680.30583
chandigarh,chandigarh,160008,2021,3,6649378,11815883004.693304,3188488,6339628467.33528
chandigarh,chandigarh,160008,2021,4,7898903,14373583510.61845,3712842,7784850283.688998
chandigarh,chandigarh,160008,2022,1,8600491,15174991549.840002,4148686,8330831723.251343
chandigarh,chandigarh,160008,2022,2,10772489,17283500158.371002,5059490,9258542053.288263
chandigarh,chandigarh,160017,2022,3,13478173,20559757737.405857,7220428,11604475020.322536
chandigarh,chandigarh,160017,2022,4,17904840,27879754566.939415,11852317,19715037296.288975
chandigarh,chandigarh,160101,2023,1,9815605,12824894394.0,1363035,1722766828.0
chandigarh,chandigarh,160101,2023,2,11553687,14414408750.0,1640989,1961492257.0
chandigarh,chandigarh,160101,2023,3,13052165,15426783311.0,1850021,2037254367.0
chandigarh,chandigarh,160101,2023,4,13280078,16281223001.0,1928344,2227861078.0
chhattisgarh,raipur,495660,2018,1,323570,474633363.8981755,109908,139116923.36929727
chhattisgarh,raipur,495660,2018,2,470127,841704574.3248034,248699,378210292.7923543
chhattisgarh,raipur,495660,2018,3,659871,1235190303.9525878,353580,492966965.6574571
chhattisgarh,raipur,495660,2018,4,891868,1740861108.0445876,377913,599714593.9068495
chhattisgarh,raipur,492009,2019,1,1847370,2956050311.7861857,593305,948729929.1277255
chhattisgarh,raipur,492009,2019,2,3068366,5288462569.173023,1670111,2947453940.1383486
chhattisgarh,raipur,492009,2019,3,3977297,6485603479.074835,1843301,3497211746.9583116
chhattisgarh,raipur,492009,2019,4,5644383,9527539915.79604,2807708,5488409197.56369
chhattisgarh,raipur,492009,2020,1,7165357,12890786407.130106,3832879,8107114729.270458
chhattisgarh,raipur,492009,2020,2,4506567,8132937028.126705,1526874,3719446962.0483813
chhattisgarh,raipur,492009,2020,3,6042530,10684762115.033833,1857300,4069532117.927307
chhattisgarh,raipur,492009,2020,4,8570997,14747848599.14896,1955063,3901827452.842137
chhattisgarh,raipur,492009,2021,1,10625343,17249749779.092148,3152697,5281456698.639032
chhattisgarh,raipur,492009,2021,2,10882417,18678914879.009037,3531665,6237261109.571448
chhattisgarh,raipur,492009,2021,3,17276668,26769245295.71399,5612983,8770212351.408337
chhattisgarh,raipur,492009,2021,4,23353982,36279287404.820206,8304401,12964571702.987217
chhattisgarh,raipur,492009,2022,1,25836062,39990361268.69826,8604266,13265608315.34198
chhattisgarh,raipur,492009,2022,2,31131873,46778811056.547844,10025789,14968791943.376333
chhattisgarh,raipur,490025,2022,3,40322093,55869046982.08136,27709655,34710838372.56677
chhattisgarh,durg,490025,2022,4,48523671,64247502275.46567,30367292,39832838087.7527
chhattisgarh,raipur,492001,2023,1,45622190,62999064541.0,11115338,14659105958.0
chhattisgarh,raipur,492001,2023,2,52620640,69883706700.0,12593303,16219495858.0
chhattisgarh,raipur,492001,2023,3,60246482,74957335333.0,14418394,17371915298.0
chhattisgarh,raipur,492001,2023,4,65920222,83942581882.0,15523551,19382487915.0
dadra-&-nagar-haveli-&-daman-&-diu,dadra and nagar haveli,396230,2018,1,92738,105807098.82670307,77416,87636730.73288153
dadra-&-nagar-haveli-&-daman-&-diu,dadra and nagar haveli,396230,2018,2,128642,186926842.5467928,107488,158175937.8700928
dadra-&-nagar-haveli-&-daman-&-diu,dadra and nagar haveli,396230,2018,3,177851,273261425.21412045,147182,231027621.23926872
dadra-&-nagar-haveli-&-daman-&-diu,dadra and nagar haveli,396230,2018,4,247575,399434283.41724634,205341,336872613.47805977
dadra-&-nagar-haveli-&-daman-&-diu,dadra and nagar haveli,396230,2019,1,386213,505553450.4985651,320483,421520724.75977975
dadra-&-nagar-haveli-&-daman-&-diu,dadra and nagar haveli,396230,2019,2,276573,465450284.8957217,229045,389519722.1058071
dadra-&-nagar-haveli-&-daman-&-diu,dadra and nagar haveli,396230,2019,3,385688,579621876.8486073,321026,484826521.3424107
dadra-&-nagar-haveli-&-daman-&-diu,dadra and nagar haveli,396230,2019,4,465412,736360098.0195075,386314,614130571.5198164
dadra-&-nagar-haveli-&-daman-&-diu,dadra and nagar haveli,396230,2020,1,535805,813878312.368383,441116,671365594.9261298
dadra-&-nagar-haveli-&-daman-&-diu,dadra and nagar haveli,396230,2020,2,607115,819008453.120671,501163,685517651.4043604
dadra-&-nagar-haveli-&-daman-&-diu,dadra and nagar haveli,396230,2020,3,735433,1113115462.3887653,612080,919516792.6168573
dadra-&-nagar-haveli-&-daman-&-diu,dadra and nagar haveli,396230,2020,4,1178976,1683480021.6173902,983398,1374632600.8369546
dadra-&-nagar-haveli-&-daman-&-diu,dadra and nagar haveli,396230,2021,1,1218428,1825446563.9770944,1012000,1485582190.5625858
dadra-&-nagar-haveli-&-daman-&-diu,dadra and nagar haveli,396230,2021,2,1350893,1981679666.5277362,1116145,1605778312.2955143
dadra-&-nagar-haveli-&-daman-&-diu,dadra and nagar haveli,396230,2021,3,1979522,2673225036.233348,1638554,2161174008.8665886
dadra-&-nagar-haveli-&-daman-&-diu,dadra and nagar haveli,396230,2021,4,2651530,3463923579.431045,2185292,2785135349.772399
dadra-&-nagar-haveli-&-daman-&-diu,dadra and nagar haveli,396230,2022,1,3078173,3954838129.047655,2529505,3175914207.706642
dadra-&-nagar-haveli-&-daman-&-diu,dadra and nagar haveli,396230,2022,2,3705529,4384666145.001483,3036361,3510648290.549227
dadra-&-nagar-haveli-&-daman-&-diu,dadra and nagar haveli,396230,2022,3,3999361,4602085602.265935,3258977,3694118763.925285
dadra-&-nagar-haveli-&-daman-&-diu,dadra and nagar haveli,396230,2022,4,4689855,5134034950.126673,3819682,4120308217.5601406
dadra-&-nagar-haveli-&-daman-&-diu,dadra and nagar haveli,396230,2023,1,7700138,8122810854.0,6218492,6477021613.0
dadra-&-nagar-haveli-&-daman-&-diu,dadra and nagar haveli,396230,2023,2,8670763,8831457320.0,6990902,7036241742.0
dadra-&-nagar-haveli-&-daman-&-diu,dadra and nagar haveli,396230,2023,3,9971874,9836561533.0,7984685,7828624075.0
dadra-&-nagar-haveli-&-daman-&-diu,dadra and nagar haveli,396230,2023,4,11844359,11345951876.0,9476985,9023138914.0
delhi,central delhi,110006,2018,1,2997714,4312145216.274474,2636324,3714139312.238586
delhi,central delhi,110006,2018,2,3589206,6223466821.0926285,3069733,5237594871.124264
delhi,central delhi,110006,2018,3,8165361,10515884583.426525,7198882,9029499185.157822
delhi,central delhi,110006,2018,4,9373395,13878492766.290386,7532374,11605568511.039162
delhi,central delhi,110006,2019,1,12885975,16258175800.83931,10251048,13201959766.05106
delhi,new delhi,110011,2019,2,23313548,36146671717.918365,20001452,31366326747.68567
delhi,new delhi,110011,2019,3,24687138,43288057341.92169,20159577,36968948004.60185
delhi,new delhi,110011,2019,4,29048107,54398427887.76768,22861243,44827058149.79611
delhi,central delhi,110006,2020,1,24757650,41219414205.06069,19881142,34803706848.31907
delhi,central delhi,110006,2020,2,17641823,30418597739.3527,14401400,26006450222.981194
delhi,central delhi,110006,2020,3,32203761,61527717933.93762,27731187,53768475790.81149
delhi,central delhi,110006,2020,4,32194168,61575435521.28283,24969702,48831647275.471146
delhi,central delhi,110006,2021,1,54173342,90711721159.77658,46104924,76683904356.11441
delhi,central delhi,110006,2021,2,62131856,100895875737.76091,54888173,88849307061.744
delhi,central delhi,110006,2021,3,88849847,137311394953.58371,77515502,117511789786.6426
delhi,central delhi,110006,2021,4,111134916,177625511230.04297,96850347,152021116180.99402
delhi,central delhi,110006,2022,1,128309915,198072597274.588,112708284,170854549748.09644
delhi,central delhi,110006,2022,2,159034619,232911858055.08478,139136098,200269818218.75818
delhi,central delhi,110006,2022,3,243139962,327191972497.867,222465526,294132832922.7636
delhi,central delhi,110006,2022,4,280960656,386107883617.53076,258183697,349487194869.16797
delhi,south east delhi,110059,2023,1,56901581,72188090661.0,14401748,22469453032.0
delhi,south east delhi,110059,2023,2,66237557,78214516249.0,17063374,24752482621.0
delhi,south east delhi,110059,2023,3,74833594,83210641938.0,19800398,27131615352.0
delhi,south east delhi,110059,2023,4,81901206,92211250667.0,21523382,29668224388.0
goa,north goa,403401,2018,1,95114,187108291.98525044,9837,17568338.79799645
goa,north goa,403001,2018,2,133429,290814882.35943836,14264,42305543.14160389
goa,north goa,403722,2018,3,194726,421264288.45388794,22917,33996326.905014634
goa,north goa,403722,2018,4,305380,714879898.599603,35544,50505207.291698724
goa,north goa,403722,2019,1,441807,940864352.317215,52100,65683966.67567325
goa,north goa,403516,2019,2,470250,1020834861.8525431,57502,140158213.78222042
goa,north goa,403001,2019,3,673971,1293013307.2683115,76717,190634992.80205646
goa,north goa,403516,2019,4,980231,1963621433.5422535,135378,292464329.40128493
goa,north goa,403516,2020,1,1277387,2374507200.865538,191898,368233387.98176056
goa,north goa,403001,2020,2,883695,1294651809.391935,104077,201722910.30992788
goa,north goa,403001,2020,3,1165122,2087621922.6831622,290028,642201696.1086454
goa,north goa,403001,2020,4,2504378,4712001378.742861,442303,1003262762.8099118
goa,north goa,403001,2021,1,3797921,7119400649.563017,900379,1813311525.497085
goa,north goa,403001,2021,2,3083639,5391453884.873638,1001588,1763922715.9206922
goa,north goa,403001,2021,3,4282602,7042155411.60932,1269330,2044070749.06711
goa,north goa,403001,2021,4,7808548,13467044827.548832,1935051,3497234194.7621446
goa,north goa,403001,2022,1,8513573,14075639843.882042,2218382,3849342160.883536
goa,north goa,403001,2022,2,9999773,16484842033.028084,2800103,4813402074.055575
goa,north goa,403001,2022,3,8310698,13076925808.314318,1365759,2544949835.9234076
goa,north goa,403516,2022,4,11455490,17268434371.99816,1982311,2953947926.863951
goa,north goa,403516,2023,1,16251833,24505420924.0,2885692,4345863492.0
goa,north goa,403516,2023,2,17849215,27042471683.0,3176461,4809307923.0
goa,north goa,403516,2023,3,17670660,25828843826.0,2526681,3745192683.0
goa,north goa,403516,2023,4,22361742,30910872042.0,3637689,5098851471.0
gujarat,ahmadabad,380018,2018,1,1436152,2153123692.102863,423426,548596428.2702155
gujarat,ahmadabad,380018,2018,2,1809774,3307127930.4397454,463754,758307877.4611406
gujarat,ahmadabad,380018,2018,3,2600288,4740981792.133425,573722,975939712.0372305
gujarat,ahmadabad,380018,2018,4,3990090,6515656157.237562,643919,1173940659.2927508
gujarat,ahmadabad,380018,2019,1,7894660,10956007756.562977,2317295,3602207468.4702206
gujarat,ahmadabad,380018,2019,2,11689965,19024891336.636116,6034737,10446888963.74205
gujarat,ahmadabad,380018,2019,3,14605589,23081622347.556786,5791776,11683489722.006363
gujarat,ahmadabad,380018,2019,4,15696056,29657904578.49414,5745525,13811436405.017286
gujarat,ahmadabad,380001,2020,1,17950876,35559467147.63747,8107941,19966510984.145233
gujarat,ahmadabad,380001,2020,2,16430916,32731896547.15033,8490730,21210698645.19712
gujarat,ahmadabad,380001,2020,3,21769867,43364229618.72334,9734185,23152428012.586617
gujarat,ahmadabad,380001,2020,4,25926518,50995692377.18628,9350995,21416748946.661865
gujarat,ahmadabad,380001,2021,1,36857358,68688129153.5751,18692590,35260703527.42645
gujarat,ahmadabad,380001,2021,2,44173046,79437951666.15146,24909165,44195604124.56421
gujarat,ahmadabad,380001,2021,3,58611265,101760598132.07089,31818742,53859258361.39296
gujarat,ahmadabad,380001,2021,4,70075885,124559345468.31935,37718845,64984430216.761955
gujarat,ahmadabad,380001,2022,1,79952986,140746136456.2987,43066167,73237978832.22348
gujarat,ahmadabad,380001,2022,2,96453555,161506106645.9494,52753664,84432798058.52104
gujarat,ahmadabad,380001,2022,3,117574996,184255244712.72235,69641063,102800764086.34274
gujarat,ahmadabad,380001,2022,4,133174553,212037117715.34888,82141571,124501769828.67831
gujarat,ahmadabad,394210,2023,1,88124113,144675922269.0,6021069,9260558233.0
gujarat,ahmadabad,394210,2023,2,100889578,156288216607.0,7013169,9925343391.0
gujarat,ahmadabad,394210,2023,3,116119081,173450994467.0,8051744,10548705641.0
gujarat,ahmadabad,394210,2023,4,125267617,190761203190.0,9486703,12352844218.0
haryana,gurugram,122006,2018,1,1408070,2317083393.896097,328965,497159951.36888236
haryana,gurugram,122006,2018,2,1893511,3604758914.7352195,371438,691480831.8004122
haryana,gurugram,122006,2018,3,2877059,5115393851.988528,517657,857203811.0603806
haryana,gurugram,122001,2018,4,4651606,7834266744.800946,694431,1148743178.0424545
haryana,gurugram,122001,2019,1,8723777,10558099866.889874,1279353,1610690538.7799742
haryana,gurugram,122001,2019,2,8386864,11575310786.46454,1302753,1838034558.5348384
haryana,gurugram,122001,2019,3,11843666,15022524504.76374,1877930,2432566276.474442
haryana,gurugram,122001,2019,4,14935865,19000424238.11497,2314018,3045015311.5663037
haryana,gurugram,122001,2020,1,16484737,21152356889.052498,2518796,3354781267.9480944
haryana,gurugram,122001,2020,2,11284856,14426170120.903454,1787578,2362256339.0022526
haryana,gurugram,122001,2020,3,18098421,23437360421.86216,2750040,3736046139.5409055
haryana,gurugram,122001,2020,4,28192581,35629614077.0103,4178803,5577129263.803511
haryana,gurugram,122001,2021,1,31719830,39350276708.73313,4506450,5997258111.473646
haryana,gurugram,122006,2021,2,32311326,39938868048.39105,4878161,7207055202.820196
haryana,gurugram,122006,2021,3,47680658,55914389975.07391,7079111,10108307756.719585
haryana,gurugram,122006,2021,4,56754843,69593103272.65858,8243097,12446013625.324087
haryana,gurugram,122006,2022,1,63282822,77508209556.89508,9497946,14052592432.141745
haryana,gurugram,122006,2022,2,79880852,92145454120.45724,11491350,16033485783.78646
haryana,gurugram,122006,2022,3,87103856,99360193857.46599,14938659,21582716225.76088
haryana,gurugram,122006,2022,4,92493335,107046551341.7809,15996511,23272769045.48967
haryana,gurugram,122001,2023,1,139674963,149429170153.0,20615058,23793998024.0
haryana,gurugram,122001,2023,2,168827725,167788722810.0,24907002,26812160057.0
haryana,gurugram,122001,2023,3,188985975,179654213171.0,28508989,29190465429.0
haryana,gurugram,122001,2023,4,200753426,196708697020.0,29905222,31256833203.0
himachal-pradesh,solan,173205,2018,1,118881,146873607.41695297,50457,58954553.080766425
himachal-pradesh,solan,173205,2018,2,166516,254576422.9168635,67411,96135650.11659741
himachal-pradesh,solan,173205,2018,3,229164,373018057.4322363,95087,136461395.92778862
himachal-pradesh,solan,173205,2018,4,347191,577618789.1056865,149125,214537044.31729394
himachal-pradesh,solan,173205,2019,1,626201,733453989.2236599,303803,286463248.34363383
himachal-pradesh,shimla,171001,2019,2,807095,1698682743.209046,601958,1240952784.1484268
himachal-pradesh,shimla,171001,2019,3,695970,1981429213.7026682,418230,1383190523.8901672
himachal-pradesh,shimla,171001,2019,4,900252,2553513821.2140336,512584,1677312305.817284
himachal-pradesh,shimla,171003,2020,1,1115491,2725598845.0394974,720359,2061228894.0105908
himachal-pradesh,shimla,171003,2020,2,1090361,2702081598.463577,638897,1987213685.729451
himachal-pradesh,shimla,171003,2020,3,1285819,3273522193.6950035,700705,2103715013.4332604
himachal-pradesh,shimla,171003,2020,4,1481567,3532549313.2620616,696682,1926017209.2458954
himachal-pradesh,shimla,171003,2021,1,1871647,3621617004.9139824,1159901,2164436964.996763
himachal-pradesh,shimla,171003,2021,2,2474329,4402623043.9412,1631599,2778990707.677697
himachal-pradesh,shimla,171003,2021,3,3421673,6296627879.774387,2329788,3893910514.6489954
himachal-pradesh,shimla,171003,2021,4,3957985,7356261501.689669,2717639,4677725002.690226
himachal-pradesh,shimla,171003,2022,1,4441906,7362840550.605638,3190535,5016030006.84719
himachal-pradesh,shimla,171003,2022,2,5875215,9396933042.155468,4169488,6351783570.311645
himachal-pradesh,shimla,171003,2022,3,8892834,13349267759.063,7107267,9831616933.274183
himachal-pradesh,shimla,171003,2022,4,9603309,14161042549.708815,7746053,10862367108.855297
himachal-pradesh,solan,173205,2023,1,6697899,6853019754.0,3305794,2626397116.0
himachal-pradesh,solan,173205,2023,2,8225202,7869249175.0,3941315,2888465638.0
himachal-pradesh,solan,173205,2023,3,8707937,7941256441.0,4275400,2976803734.0
himachal-pradesh,solan,173205,2023,4,9715897,8743026348.0,4831591,3321415795.0
jammu-&-kashmir,poonch,185102,2018,1,398963,509120439.3079825,395605,503567409.6610012
jammu-&-kashmir,poonch,185102,2018,2,891298,1627868128.4895806,884352,1613618285.0921721
jammu-&-kashmir,poonch,185102,2018,3,1189512,2093062576.1870332,1177035,2060010090.0814018
jammu-&-kashmir,poonch,185102,2018,4,1642053,2992752160.889104,1624075,2932507535.124842
jammu-&-kashmir,poonch,185102,2019,1,1923655,2702486522.9746447,1901540,2645529050.135624
jammu-&-kashmir,srinagar,190002,2019,2,721517,1997435095.3858333,568782,1562324805.4850667
jammu-&-kashmir,srinagar,190002,2019,3,329195,1391918063.9301224,263102,1169632976.2855635
jammu-&-kashmir,jammu,180001,2019,4,231238,928579096.2076488,128688,521882982.9782549
jammu-&-kashmir,jammu,180005,2020,1,363150,1275561405.7653875,168047,689253824.3255086
jammu-&-kashmir,jammu,180005,2020,2,819252,2746977181.9002085,361107,1567503965.9355516
jammu-&-kashmir,jammu,180005,2020,3,1266667,4876922229.442625,697634,3188358944.664196
jammu-&-kashmir,jammu,180005,2020,4,1776840,5696308275.135366,773367,3066037381.8226085
jammu-&-kashmir,jammu,180005,2021,1,2651223,7421535965.773877,1524884,4692026136.143074
jammu-&-kashmir,jammu,180005,2021,2,3793205,10159766998.570374,2395795,6916275799.6032505
jammu-&-kashmir,jammu,180005,2021,3,5192026,13867943225.785107,3310581,9566729543.837393
jammu-&-kashmir,jammu,180005,2021,4,6639541,16627649138.408905,4045341,10810442478.763187
jammu-&-kashmir,jammu,180005,2022,1,5510056,11881749307.528316,2352472,5393223219.276758
jammu-&-kashmir,jammu,180005,2022,2,7441002,14880950856.224466,3448814,7135693305.580682
jammu-&-kashmir,jammu,180005,2022,3,7526503,13607597636.170393,3224556,5694092490.250077
jammu-&-kashmir,jammu,180005,2022,4,9213783,15674936388.296492,3868794,6528963977.395451
jammu-&-kashmir,jammu,182101,2023,1,10062633,15395688639.0,1095947,1698673477.0
jammu-&-kashmir,jammu,182101,2023,2,12519665,18093034879.0,1429583,2139600414.0
jammu-&-kashmir,jammu,190001,2023,3,14432102,19883917524.0,1620345,2567127020.0
jammu-&-kashmir,jammu,182101,2023,4,16836698,23295898530.0,1810731,2554412536.0
jharkhand,ranchi,834001,2018,1,356622,434234048.4962647,125360,139139278.121471
jharkhand,dhanbad,834001,2018,2,520547,503649314.0895539,165051,252503106.81792527
jharkhand,dhanbad,834001,2018,3,2064271,1383326534.6497748,395656,455441043.01574004
jharkhand,dhanbad,834001,2018,4,1062585,1128043527.8329785,348349,549885848.9143571
jharkhand,ranchi,834001,2019,1,1958897,3112736131.1203365,1033623,1593049145.6705914
jharkhand,ranchi,834001,2019,2,3147028,5924687357.225821,2156092,4112638389.4362826
jharkhand,ranchi,834001,2019,3,3924885,6987035689.115903,2468695,4848802245.9592495
jharkhand,ranchi,834001,2019,4,4962725,8766487755.261751,2954288,5537967680.060485
jharkhand,ranchi,834002,2020,1,5132983,10593904951.012724,2341295,6496638163.697522
jharkhand,ranchi,834002,2020,2,4656822,10380666521.918905,2306485,6739752467.112598
jharkhand,ranchi,834002,2020,3,6079407,12343755027.43895,2416834,6065980835.029514
jharkhand,ranchi,834002,2020,4,8317124,15659917253.67704,2410765,5645319200.327383
jharkhand,ranchi,834002,2021,1,11611641,20516524899.031517,4748302,9528083108.148243
jharkhand,ranchi,834002,2021,2,12803752,24097148083.85807,6074624,12331306070.157408
jharkhand,ranchi,834002,2021,3,18164412,29840666997.95928,7423091,13117507683.796112
jharkhand,ranchi,834002,2021,4,24545152,39912526848.089005,9752077,17148684727.654903
jharkhand,ranchi,834002,2022,1,28253540,46123330242.43965,11376332,20223157755.97808
jharkhand,ranchi,834002,2022,2,33436768,52558538612.80676,12938740,22174889736.57439
jharkhand,ranchi,834002,2022,3,39158673,58067147243.969315,17317756,27845499632.416027
jharkhand,ranchi,834002,2022,4,41821467,63819119475.171005,16787757,28821542216.71707
jharkhand,ranchi,834001,2023,1,45763754,61307442040.0,13240591,15389935423.0
jharkhand,ranchi,834001,2023,2,55131854,71798538513.0,15529072,17698037091.0
jharkhand,ranchi,834001,2023,3,61665875,73785110638.0,17805700,18592742545.0
jharkhand,ranchi,834001,2023,4,69176541,84447813476.0,19388108,21171002577.0
karnataka,bengaluru urban,560001,2018,1,8306513,14162750303.064842,2917356,4684262246.184547
karnataka,bengaluru urban,560001,2018,2,11916035,23824727965.49048,3777086,7545089760.607167
karnataka,bengaluru urban,560001,2018,3,18405424,33812835282.27632,5764203,10161197002.295376
karnataka,bengaluru urban,560001,2018,4,33061353,50279165003.07312,7725284,14030425393.295612
karnataka,bengaluru urban,560001,2019,1,65174133,82111161572.76288,16241340,23597361226.512825
karnataka,bengaluru urban,560001,2019,2,89148659,113389910485.89922,27169035,40026681539.0066
karnataka,bengaluru urban,560001,2019,3,131234422,150244275641.79715,34182229,49823702321.09828
karnataka,bengaluru urban,560001,2019,4,180458808,199966708446.8142,48600127,67204107791.7798
karnataka,bengaluru urban,560001,2020,1,200174352,231970686013.7528,57330889,81134886975.52737
karnataka,bengaluru urban,560001,2020,2,132120979,176357097466.76593,38973791,66590268182.41567
karnataka,bengaluru urban,560001,2020,3,188947684,261095181780.0901,56516908,95602796543.47356
karnataka,bengaluru urban,560001,2020,4,267720411,352536741958.4486,56310863,93518053649.26508
karnataka,bengaluru urban,560001,2021,1,348712787,432401341231.767,111898471,154275126291.57782
karnataka,bengaluru urban,560001,2021,2,326804307,444422398357.67755,123224371,183498284704.33478
karnataka,bengaluru urban,560001,2021,3,476485560,626123198813.8513,171396431,241306340924.0064
karnataka,bengaluru urban,560001,2021,4,584958847,755926042210.8081,206723470,283864051273.69073
karnataka,bengaluru urban,560001,2022,1,648380838,837938769153.0938,224793308,308663371704.6546
karnataka,bengaluru urban,560001,2022,2,786978117,1013933810932.2712,271515853,367011500113.69904
karnataka,bengaluru urban,560027,2022,3,738035161,930886457807.8191,160449902,217879670192.8064
karnataka,bengaluru urban,560027,2022,4,876647100,1092079302011.8887,290033166,383980424744.5664
karnataka,bengaluru urban,560068,2023,1,1012347596,1167307214747.0,48544078,49093973079.0
karnataka,bengaluru urban,560068,2023,2,1124713207,1308665877658.0,54020876,54852308815.0
karnataka,bengaluru urban,560068,2023,3,1298080873,1442850468373.0,62632584,61263877641.0
karnataka,bengaluru urban,560068,2023,4,1345789742,1497515119439.0,63713816,62360639499.0
kerala,ernakulam,682035,2018,1,390006,630357709.4293847,56906,81512699.9029796
kerala,ernakulam,682035,2018,2,521535,992297917.6619761,78839,161633712.1501858
kerala,ernakulam,682035,2018,3,731827,1317858232.2431176,114548,186055914.09882063
kerala,ernakulam,682035,2018,4,1012043,1886966258.0311787,126832,231015924.25451952
kerala,ernakulam,682035,2019,1,1657527,2766048426.726511,424794,698184963.1885434
kerala,ernakulam,682035,2019,2,2327469,4150046405.233533,1095414,1915531173.7280126
kerala,ernakulam,682035,2019,3,2730518,5157574846.841607,922736,2232586026.2426395
kerala,ernakulam,682035,2019,4,3714876,6519567750.700623,1169059,2475669826.205605
kerala,ernakulam,682016,2020,1,5025201,8938376106.912516,1364356,2874455684.652919
kerala,ernakulam,682016,2020,2,4530511,9056027224.418602,1783976,4560849554.441608
kerala,ernakulam,682016,2020,3,5931363,11683184896.523336,1781390,4453697066.566498
kerala,ernakulam,682016,2020,4,8950159,14375193240.80718,1782552,3715184494.2862844
kerala,ernakulam,682016,2021,1,13390058,18947291978.111584,4083761,6009560474.532877
kerala,ernakulam,682016,2021,2,14177054,19704497753.319965,5021464,6942814062.7759
kerala,ernakulam,682016,2021,3,19207421,26757448740.357037,6568348,9071786449.891975
kerala,ernakulam,682016,2021,4,25306923,32778937436.49068,8930087,11255618548.128666
kerala,ernakulam,682016,2022,1,29451475,36915318572.07093,10668279,13096227726.701626
kerala,ernakulam,682016,2022,2,32257485,40076176147.54245,11390739,13722939471.827314
kerala,ernakulam,682036,2022,3,35009862,41683362156.46341,7957281,8882654528.604155
kerala,ernakulam,682507,2022,4,39069167,44933855503.73201,14935118,17212516875.185562
kerala,ernakulam,682042,2023,1,30034347,33704884058.0,1406460,1246300827.0
kerala,ernakulam,682042,2023,2,31266275,36160448548.0,1422659,1296115290.0
kerala,ernakulam,682042,2023,3,34558327,38869325990.0,1538629,1369963927.0
kerala,ernakulam,682042,2023,4,36070124,39986849494.0,1567433,1390447970.0
ladakh,leh ladakh,194104,2018,1,4845,9101926.692070464,2020,3828955.0065869302
ladakh,leh ladakh,194104,2018,2,10969,33164160.35287711,3729,8309267.261285865
ladakh,leh ladakh,194104,2018,3,18715,63917843.16930765,5788,17149541.916428685
ladakh,leh ladakh,194104,2018,4,26838,103879000.36170287,9100,32131162.602099724
ladakh,leh ladakh,194104,2019,1,36320,118531360.44614574,12861,37420302.93301695
ladakh,leh ladakh,194104,2019,2,53483,201775862.19993445,17735,63295020.36014056
ladakh,leh ladakh,194104,2019,3,78541,283288473.20134807,23502,77525803.43935364
ladakh,leh ladakh,194104,2019,4,79404,302589608.5910406,25677,93804173.45136118
ladakh,leh ladakh,194104,2020,1,92250,308889816.71047306,30289,94929393.76009162
ladakh,leh ladakh,194104,2020,2,116607,398378484.5171527,38688,129402815.08383374
ladakh,leh ladakh,194104,2020,3,174514,652346606.2279811,53009,195759175.21942508
ladakh,leh ladakh,194104,2020,4,252454,869280793.9100087,79598,265446627.74241495
ladakh,leh ladakh,194104,2021,1,216659,801921555.5582755,69922,253778842.65696287
ladakh,leh ladakh,194104,2021,2,307802,1142273759.759401,97554,344092221.32634246
ladakh,leh ladakh,194101,2021,3,462038,1769463336.5355487,158592,609875579.7552676
ladakh,leh ladakh,194104,2021,4,495230,1736886845.1005516,152915,482150693.80578053
ladakh,leh ladakh,194104,2022,1,500666,1653910267.0664318,154272,472737561.2291975
ladakh,leh ladakh,194101,2022,2,888735,2898954648.724365,295744,953619671.9154239
ladakh,leh ladakh,194101,2022,3,946345,2958028223.6015,320558,987012441.2115387
ladakh,leh ladakh,194104,2022,4,850164,2346066905.1393,253102,634954359.5981989
ladakh,leh ladakh,194104,2023,1,1265470,3218322654.0,365465,817164561.0
ladakh,leh ladakh,194101,2023,2,2307295,5933975592.0,736089,1826645330.0
ladakh,leh ladakh,194101,2023,3,2793613,6734804180.0,908879,2150815665.0
ladakh,leh ladakh,194101,2023,4,2444425,5711111463.0,697881,1576192302.0
lakshadweep,lakshadweep,682551,2018,1,778,1928611.1808777403,455,1185781.9836028952
lakshadweep,lakshadweep,682551,2018,2,2132,6187809.539400538,1424,3906194.940106515
lakshadweep,lakshadweep,682551,2018,3,1703,4339032.311985849,698,1556188.1663251773
lakshadweep,lakshadweep,682555,2018,4,1642,4463213.698222831,759,2004526.4450636166
lakshadweep,lakshadweep,682555,2019,1,2481,8786130.479338996,1321,4054159.611482283
lakshadweep,lakshadweep,682555,2019,2,2926,9242524.13698889,1542,4690793.316988427
lakshadweep,lakshadweep,682555,2019,3,3104,9651761.46376847,1659,3773089.6350253187
lakshadweep,lakshadweep,682555,2019,4,3765,11269913.40492385,2171,6680517.434672307
lakshadweep,lakshadweep,682555,2020,1,5151,13502368.574504208,2725,7559822.515206487
lakshadweep,lakshadweep,682555,2020,2,7220,16942922.08594439,3325,7916550.98094236
lakshadweep,lakshadweep,682555,2020,3,8589,21306833.308656827,3980,11206286.724219684
lakshadweep,lakshadweep,682555,2020,4,11650,30111317.917080387,5080,15206028.236546889
lakshadweep,lakshadweep,682555,2021,1,9085,27042782.914081156,4769,15007370.90186011
lakshadweep,lakshadweep,682555,2021,2,11384,27383463.65795153,5888,15074376.910641793
lakshadweep,lakshadweep,682555,2021,3,13370,38803163.698768154,6738,20058639.523806334
lakshadweep,lakshadweep,682555,2021,4,15470,50998185.528381005,7192,25481054.27885051
lakshadweep,lakshadweep,682555,2022,1,16397,54939432.65393007,7323,25624455.05857206
lakshadweep,lakshadweep,682555,2022,2,17569,55929601.98990567,7618,26188276.767873175
lakshadweep,lakshadweep,682555,2022,3,15241,47580009.61750026,6356,20631453.646095395
lakshadweep,lakshadweep,682555,2022,4,17147,54813873.614936255,7140,23769820.494985007
lakshadweep,lakshadweep,682555,2023,1,29520,85321961.0,12662,35231915.0
lakshadweep,lakshadweep,682555,2023,2,34918,97987438.0,14670,38648281.0
lakshadweep,lakshadweep,682555,2023,3,43757,94527061.0,18181,38721262.0
lakshadweep,lakshadweep,682555,2023,4,63479,119831383.0,25279,50564924.0
madhya-pradesh,bhopal,462001,2018,1,1704495,1905473874.8326716,832846,898730606.684653
madhya-pradesh,bhopal,462001,2018,2,2101870,3162583722.7483263,928983,1443626493.1959717
madhya-pradesh,bhopal,462001,2018,3,3157810,4500771533.49004,1164035,1861753236.3155599
madhya-pradesh,bhopal,462001,2018,4,4226983,6249310700.95542,1500309,2552351600.8016467
madhya-pradesh,bhopal,462001,2019,1,8252290,9878412374.297678,3626425,5068130944.898084
madhya-pradesh,bhopal,462001,2019,2,12031142,17309015090.75333,6704852,11443970357.937914
madhya-pradesh,bhopal,462001,2019,3,15339970,19449113922.050434,6269219,11834863354.419373
madhya-pradesh,bhopal,462001,2019,4,18062429,24303685079.877422,6837881,13576912651.586494
madhya-pradesh,indore,452005,2020,1,20249473,30491290764.19948,8311339,16391514714.613842
madhya-pradesh,bhopal,462008,2020,2,14074026,27679446324.45678,7083405,18733977853.722977
madhya-pradesh,bhopal,462008,2020,3,29560361,57525605025.512215,18608188,42836925858.3958
madhya-pradesh,bhopal,462008,2020,4,38492334,67905952477.88091,20637374,44520942803.43779
madhya-pradesh,bhopal,462008,2021,1,67309234,101725720745.41441,45920869,76097617508.03973
madhya-pradesh,bhopal,462008,2021,2,74643630,127038866031.39793,57596018,101902493881.58667
madhya-pradesh,bhopal,462008,2021,3,103403998,146735124186.2163,74987334,111259178579.96481
madhya-pradesh,bhopal,462008,2021,4,134176541,190196223229.17584,97987017,145639258182.99155
madhya-pradesh,bhopal,462008,2022,1,159892411,221096758835.2795,119378084,172143368941.89307
madhya-pradesh,bhopal,462008,2022,2,185588829,255910395858.58392,137837715,198147341166.69937
madhya-pradesh,chhindwara,480001,2022,3,169367916,236429180484.71173,164538285,229267141662.06653
madhya-pradesh,chhindwara,480001,2022,4,245710341,350638062974.8574,240053791,341860974379.64307
madhya-pradesh,indore,452010,2023,1,125871728,151714773334.0,14391624,15680458030.0
madhya-pradesh,indore,452010,2023,2,142167846,167783471243.0,16775309,17599630935.0
madhya-pradesh,indore,452010,2023,3,164378809,181806591343.0,19298599,19212876500.0
madhya-pradesh,indore,452010,2023,4,180579604,204276477732.0,20950261,21104165411.0
maharashtra,pune,400008,2018,1,3842929,5378982326.835919,2227885,3105208723.475169
maharashtra,pune,400008,2018,2,5162876,8513428062.925207,2631405,4703762207.003538
maharashtra,pune,400008,2018,3,7890491,12601613622.467594,3111609,5436005565.196791
maharashtra,pune,400008,2018,4,11075153,18048884123.019886,4586309,8474903607.1238575
maharashtra,pune,400008,2019,1,23360634,32233517413.825314,6494529,10238553958.763014
maharashtra,pune,411006,2019,2,44795652,58398808592.1738,22544991,34073354893.758354
maharashtra,pune,411006,2019,3,67093416,78128868958.39702,25995035,42031275308.282005
maharashtra,pune,411006,2019,4,91666565,103270644868.1607,32779718,51360244641.273315
maharashtra,pune,411004,2020,1,107497963,119146177775.3236,43278566,64894935103.99599
maharashtra,pune,411004,2020,2,58840981,94890914730.75931,27617700,58352702890.56201
maharashtra,pune,411004,2020,3,101472134,154366363808.0403,49082232,94100767700.43585
maharashtra,pune,411004,2020,4,142350762,182511549425.14313,48628369,83733590846.6026
maharashtra,pune,411004,2021,1,208930588,253623629237.65793,99287169,142692099313.189
maharashtra,pune,411004,2021,2,218732925,298657497266.99304,120795663,186134320440.93646
maharashtra,pune,411004,2021,3,303322956,372243656247.4718,155523883,217400690972.0777
maharashtra,pune,411004,2021,4,371337618,454584743765.05554,185423020,259406175394.85846
maharashtra,pune,411004,2022,1,424149132,508475101454.5797,209101358,285005833904.6318
maharashtra,pune,411004,2022,2,520321567,620747087392.5974,262731186,356436998068.0399
maharashtra,pune,411033,2022,3,505018506,549531791371.8348,217102802,241609848561.36984
maharashtra,pune,411033,2022,4,544687754,590334491443.0928,263248580,298971294541.89966
maharashtra,pune,411057,2023,1,505841046,489824129517.0,27438671,21723536786.0
maharashtra,pune,411057,2023,2,554427668,535801107518.0,30991776,24785623038.0
maharashtra,pune,411057,2023,3,625390706,593994260196.0,35730539,28470754620.0
maharashtra,pune,410501,2023,4,673819127,639679187750.0,37823604,30451717116.0
manipur,imphal west,795004,2018,1,29863,46026262.666274294,12606,23682933.58208196
manipur,imphal west,795004,2018,2,46604,84363001.78828333,18869,44371601.789746955
manipur,imphal east,795008,2018,3,60511,89605715.78431109,22448,15778360.208970271
manipur,imphal west,795004,2018,4,71845,181598328.1568606,32711,95104886.51172696
manipur,imphal west,795004,2019,1,79612,205676258.93003774,35245,109634944.30257642
manipur,imphal west,795004,2019,2,78677,232056651.71484104,36187,120781209.48124579
manipur,imphal west,795004,2019,3,101022,266880799.50360966,49341,143342579.45317823
manipur,imphal west,795004,2019,4,150073,445926296.05285025,85163,284142574.36576116
manipur,imphal west,795004,2020,1,471392,1799193747.3658047,387305,1585768079.294744
manipur,imphal west,795004,2020,2,551775,2034861513.6925411,434372,1785185559.4248211
manipur,imphal west,795004,2020,3,805964,3116905375.221828,668121,2783564813.2543106
manipur,imphal west,795004,2020,4,894877,3447479864.9516916,735821,2994638886.281819
manipur,imphal west,795004,2021,1,1693458,4962553375.308464,1557689,4521302248.497635
manipur,imphal west,795004,2021,2,2353896,5697696459.585503,2185030,5211049973.461837
manipur,imphal west,795004,2021,3,3027735,7437068961.027052,2823956,6823004582.206873
manipur,imphal west,795004,2021,4,3649688,9254105829.377777,3416235,8509771291.735897
manipur,imphal west,795004,2022,1,4129560,10331377272.313238,3869356,9537639096.801764
manipur,imphal west,795004,2022,2,4858000,11035105413.78688,4573299,10202669169.894806
manipur,imphal west,795004,2022,3,4865688,11153142712.787489,4302756,9730640425.077581
manipur,imphal west,795004,2022,4,4737839,11004726597.698875,4334975,9947583589.937637
manipur,imphal west,795004,2023,1,987912,2602833306.0,456363,1240769088.0
manipur,imphal west,795004,2023,2,484182,1347200442.0,224651,619969789.0
manipur,imphal west,795004,2023,3,283239,1192373419.0,148271,617891060.0
manipur,imphal west,795004,2023,4,645798,2110859186.0,317336,1029659784.0
meghalaya,east khasi hills,793002,2018,1,23283,31807959.175373342,6326,6240111.071966832
meghalaya,east khasi hills,793001,2018,2,33966,61180700.47972991,7159,14913054.71284224
meghalaya,east khasi hills,793002,2018,3,54015,111173160.26256448,11883,14458549.37949472
meghalaya,east khasi hills,793001,2018,4,70386,167808906.77955163,15970,40796934.65361333
meghalaya,east khasi hills,793002,2019,1,101662,201352082.70276013,28260,47614066.46344929
meghalaya,east khasi hills,793002,2019,2,126665,274701980.60370815,49250,90504986.2351276
meghalaya,east khasi hills,793002,2019,3,156970,344129503.4634751,47462,111694863.89359623
meghalaya,east khasi hills,793002,2019,4,189936,413649820.0310261,64202,141840260.03395098
meghalaya,east khasi hills,793001,2020,1,280817,712010339.1765578,103312,285965673.368166
meghalaya,east khasi hills,793001,2020,2,294655,669450297.8938913,82349,214418577.07837713
meghalaya,east khasi hills,793001,2020,3,239307,571789473.606595,64872,184743614.18398914
meghalaya,east khasi hills,793001,2020,4,298622,777719090.1611657,83561,243804216.45795542
meghalaya,east khasi hills,793001,2021,1,322156,915771307.2291536,135187,386470990.4137241
meghalaya,east khasi hills,793001,2021,2,386773,994348113.9313933,165598,426313703.5332465
meghalaya,east khasi hills,793001,2021,3,475308,1267820067.2649465,207464,530904907.19687676
meghalaya,east khasi hills,793001,2021,4,602012,1647841435.7937279,263013,690414224.1540794
meghalaya,east khasi hills,793001,2022,1,653082,1762837936.3129022,276853,725122188.6667871
meghalaya,east khasi hills,793001,2022,2,853333,2156500112.108344,365755,881158453.6632786
meghalaya,east khasi hills,793004,2022,3,2924522,6137770373.209273,2175126,4365875115.728675
meghalaya,east khasi hills,793004,2022,4,2285868,4886013367.030625,1577217,3214355276.3930554
meghalaya,east khasi hills,793101,2023,1,1220563,2680323809.0,420175,849783871.0
meghalaya,east khasi hills,793101,2023,2,1584287,3308371744.0,506038,906418719.0
meghalaya,east khasi hills,794104,2023,3,1925071,3637181187.0,589924,1063651682.0
meghalaya,west garo hills,794104,2023,4,2128194,4034159325.0,835597,1564832198.0
mizoram,aizawl,796005,2018,1,12006,27918980.947612703,3256,6634317.385850769
mizoram,aizawl,796005,2018,2,16353,48340497.162337765,4417,14440855.066719865
mizoram,aizawl,796009,2018,3,24199,72031541.21772185,6407,20793872.837517485
mizoram,aizawl,796009,2018,4,31828,114757156.94931005,9171,31415683.665513154
mizoram,aizawl,796005,2019,1,40608,125499167.45130551,10815,32202219.920329325
mizoram,aizawl,796005,2019,2,45257,147150855.43357456,16165,52876456.57835414
mizoram,aizawl,796005,2019,3,54796,162632861.96810922,18145,60198930.48729792
mizoram,aizawl,796005,2019,4,68532,215337713.34849542,21896,77854565.1683986
mizoram,aizawl,796009,2020,1,78597,215534588.05424356,26107,80069727.23173442
mizoram,aizawl,796009,2020,2,93369,238637352.5294009,27056,82745071.91532114
mizoram,aizawl,796009,2020,3,136460,413175918.97011656,48205,175630753.6479782
mizoram,aizawl,796009,2020,4,166039,532069401.32491755,50518,189146316.445437
mizoram,aizawl,796009,2021,1,182220,609359098.2421973,76328,259766610.14421672
mizoram,aizawl,796009,2021,2,222893,635733236.9899334,100831,286828666.6678535
mizoram,aizawl,796009,2021,3,276340,865537331.9432544,132382,396548293.26272213
mizoram,aizawl,796009,2021,4,317555,1021257676.3595349,149068,459322471.46321535
mizoram,aizawl,796009,2022,1,341192,1081700361.9959884,161596,493112981.5938037
mizoram,aizawl,796009,2022,2,364786,1137178791.3961444,176922,539287734.8313656
mizoram,aizawl,796008,2022,3,383546,1129120156.9892116,113570,314908099.4107823
mizoram,aizawl,796009,2022,4,360350,1054341698.8459929,78140,241568435.65820393
mizoram,aizawl,796009,2023,1,504609,1341466173.0,127064,348570875.0
mizoram,aizawl,796009,2023,2,591532,1487286801.0,156094,399199428.0
mizoram,aizawl,796009,2023,3,685462,1543440692.0,181534,414330798.0
mizoram,aizawl,796009,2023,4,780542,1736939028.0,208470,467641535.0
nagaland,dimapur,797112,2018,1,18449,38330087.582417,8620,19059457.9754965
nagaland,dimapur,797112,2018,2,31758,78472133.75014433,14049,31589541.56854105
nagaland,dimapur,797112,2018,3,44383,122676685.88107637,18409,55214851.729000755
nagaland,dimapur,797112,2018,4,68046,202172094.6763664,29945,85392245.18171245
nagaland,dimapur,797112,2019,1,80741,222202606.82928652,30078,91827720.17261904
nagaland,dimapur,797112,2019,2,86518,258070892.01001915,31760,104104725.46501887
nagaland,dimapur,797112,2019,3,117140,307103749.65803885,41627,116672435.97285631
nagaland,dimapur,797112,2019,4,142922,401874104.2973213,53432,162729771.13376018
nagaland,dimapur,797112,2020,1,185428,497123725.474146,76306,243307125.7446099
nagaland,dimapur,797112,2020,2,232533,564581175.022531,88683,249630838.837386
nagaland,dimapur,797112,2020,3,352179,1122771447.128912,178964,665331371.076982
nagaland,dimapur,797112,2020,4,422501,1549414048.2654052,218369,867441276.0876397
nagaland,dimapur,797112,2021,1,550985,1837044748.4900613,363423,1172951127.7531226
nagaland,dimapur,797112,2021,2,585389,1726249195.1688533,359572,1023298713.2763922
nagaland,dimapur,797112,2021,3,727702,2201388248.147341,456410,1290687482.948593
nagaland,dimapur,797112,2021,4,886146,2741781159.7608576,538949,1571739246.7692854
nagaland,dimapur,797112,2022,1,1111352,3258683919.847051,708126,1984422692.3511353
nagaland,dimapur,797112,2022,2,1334969,3611270476.50131,879313,2245214396.6041055
nagaland,dimapur,797112,2022,3,1094753,3023858206.1614122,628896,1642752208.870655
nagaland,dimapur,797112,2022,4,1632985,4411217834.641218,1119621,2902205160.7422147
nagaland,dimapur,797112,2023,1,1475840,4205042331.0,610281,1839982352.0
nagaland,dimapur,797112,2023,2,1735282,4577151672.0,719082,1981126865.0
nagaland,dimapur,797112,2023,3,2045117,4845934563.0,858308,2121482822.0
nagaland,dimapur,797112,2023,4,2329419,5574882683.0,1003774,2499052161.0
odisha,khordha,751002,2018,1,1013916,1064565482.4430823,97309,111612981.62039936
odisha,khordha,751002,2018,2,1344202,1738879066.970015,122383,184281055.79165035
odisha,khordha,756001,2018,3,5333443,4389717266.977921,816844,516289574.79545754
odisha,khordha,756001,2018,4,4036038,4756776453.593592,363976,325353686.6589139
odisha,khordha,751002,2019,1,9928652,10292381463.86045,3610149,4146232245.1689343
odisha,khordha,751002,2019,2,13339889,19006076643.493904,8318660,12733845249.989027
odisha,khordha,751002,2019,3,18364742,25509656902.49331,9990982,16300297217.157505
odisha,khordha,751002,2019,4,27477393,34227232121.528633,13743261,19669451911.7042
odisha,khordha,751001,2020,1,23152370,39755139238.6053,11782987,25543182753.84958
odisha,khordha,751001,2020,2,16842715,34814877058.41614,9411361,23813152297.287315
odisha,khordha,751001,2020,3,23387123,44638448273.522484,11770940,27337331950.38349
odisha,khordha,751001,2020,4,30354832,54573862957.883156,11637193,26523469788.723434
odisha,khordha,751001,2021,1,45765876,75722041312.73495,24151383,44482729136.23656
odisha,khordha,751001,2021,2,51729539,85083429987.67566,30961581,53565783087.01067
odisha,khordha,751001,2021,3,71647985,108452202806.23245,41875475,65849220632.32577
odisha,khordha,751001,2021,4,94505879,135122128258.68544,52532360,79093274940.53793
odisha,khordha,751001,2022,1,104052705,152745328927.4852,58525215,91210203433.81744
odisha,khordha,751001,2022,2,124986765,174299128204.99298,69262961,101369063330.80548
odisha,khordha,751001,2022,3,182514532,234713995654.54218,123281915,161654599037.78528
odisha,khordha,751001,2022,4,208260666,268479766618.40594,140210762,184650659638.9054
odisha,khordha,751024,2023,1,111522734,135017933250.0,9053141,8680586174.0
odisha,khordha,751024,2023,2,124412287,146803819835.0,9800184,9429348600.0
odisha,khordha,751024,2023,3,144941533,159592851808.0,11534021,10618664353.0
odisha,khordha,751024,2023,4,165927018,180631613988.0,12694663,11608487658.0
puducherry,puducherry,605001,2018,1,86486,136205607.94582328,18580,28058155.045080293
puducherry,puducherry,605001,2018,2,102722,224950541.63276505,18495,37995580.550372966
puducherry,puducherry,605001,2018,3,147716,334779012.2520994,25761,53968835.18349095
puducherry,puducherry,605001,2018,4,253397,511150128.28504336,37035,78460607.91682452
puducherry,puducherry,605001,2019,1,422723,753546044.3241928,95615,184464722.20234916
puducherry,puducherry,605001,2019,2,519810,1075863296.3940065,193489,426451666.7865988
puducherry,puducherry,605001,2019,3,629431,1279933924.0902395,173040,472479108.81335366
puducherry,puducherry,605001,2019,4,893985,1700000398.3563335,226313,555018146.2564323
puducherry,puducherry,605002,2020,1,1060927,1916832756.3287992,250193,607417165.470148
puducherry,puducherry,605002,2020,2,868930,1652466844.3605218,214453,575796922.65806
puducherry,puducherry,605002,2020,3,1515874,3144232151.6990056,563408,1463605726.5866117
puducherry,puducherry,605002,2020,4,2349454,4194543311.9718037,638379,1383994730.1409993
puducherry,puducherry,605002,2021,1,2920236,5086390412.089685,1036280,1941081627.2425518
puducherry,puducherry,605002,2021,2,3316123,5610649880.723416,1448920,2544720176.7440305
puducherry,puducherry,605002,2021,3,4514763,7530306876.968773,1867399,3253487986.2339063
puducherry,puducherry,605002,2021,4,5606990,8973636725.35894,2320004,3824140611.518544
puducherry,puducherry,605002,2022,1,6470067,10377036935.727272,2725323,4579265602.263967
puducherry,puducherry,605002,2022,2,7617058,11822245859.332417,3234467,5237678359.690546
puducherry,puducherry,605007,2022,3,5992740,8962290618.748474,1216338,1890008143.98414
puducherry,puducherry,605007,2022,4,6382870,9121245940.116945,1538392,2345044522.67898
puducherry,puducherry,605110,2023,1,8201469,11002579889.0,975229,1415082091.0
puducherry,puducherry,605110,2023,2,8965912,11885508091.0,1062462,1541137525.0
puducherry,puducherry,533464,2023,3,9920732,12685690675.0,1173799,1858174993.0
puducherry,puducherry,533464,2023,4,10314854,12942285294.0,1317482,2091174312.0
punjab,ludhiana,141003,2018,1,427197,563038260.5420344,79956,118993261.94966857
punjab,ludhiana,143001,2018,2,572930,935892631.8609879,98459,231845409.89415362
punjab,ludhiana,143001,2018,3,778963,1456417150.3474631,132508,363203159.5718124
punjab,ludhiana,143001,2018,4,1098598,2226953590.8612576,200120,534226148.61016536
punjab,ludhiana,141003,2019,1,1955827,3406467299.5810013,595707,1215430195.6647024
punjab,ludhiana,141003,2019,2,2861806,6103196266.995374,1655885,3715037000.799824
punjab,ludhiana,141003,2019,3,3105207,7455507218.782127,1510018,4396675867.114721
punjab,ludhiana,141003,2019,4,3939299,9747197706.866158,1876920,5392286092.499036
punjab,ludhiana,141008,2020,1,4234211,9811040748.858643,2204060,6049261691.561724
punjab,ludhiana,141008,2020,2,3918678,9202417232.515121,1933611,5935144850.588928
punjab,ludhiana,141008,2020,3,5373096,13411978555.224405,2867721,8360811842.828445
punjab,ludhiana,141008,2020,4,6433526,16002263104.77765,2976448,8609568637.44256
punjab,ludhiana,141008,2021,1,8956495,19225271865.79327,5548372,11884271323.49248
punjab,ludhiana,141008,2021,2,11475061,23530471085.652363,7637763,15520456270.585651
punjab,ludhiana,141008,2021,3,16104345,30807741534.262596,11041061,20678673037.58342
punjab,ludhiana,141008,2021,4,19553778,39292772660.87953,13418112,26344629316.290863
punjab,ludhiana,141008,2022,1,21131450,40193189296.7483,14304410,26313996218.719788
punjab,ludhiana,141008,2022,2,26982785,46924183892.055084,18613851,30932873842.40671
punjab,ludhiana,141007,2022,3,31697344,52659794645.55728,17194042,26076678336.602097
punjab,ludhiana,141007,2022,4,33298864,57521708592.12727,19531735,31243716271.50683
punjab,sas nagar,143001,2023,1,17880615,21373928207.0,4926763,10757826238.0
punjab,ludhiana,143001,2023,2,22554895,35359847523.0,5787855,11694816286.0
punjab,ludhiana,143001,2023,3,26197826,39199512085.0,6594315,12509083916.0
punjab,ludhiana,143001,2023,4,29131325,45277102986.0,6996281,13688304365.0
rajasthan,jaipur,302001,2018,1,2417174,2953086960.141372,209739,292411778.3167514
rajasthan,jaipur,302001,2018,2,3175255,4952882923.415596,242220,457737042.3616353
rajasthan,jaipur,302001,2018,3,4954443,7882149494.55468,304945,605573687.4317768
rajasthan,jaipur,302015,2018,4,7271209,12107341570.492035,444192,630328852.3652544
rajasthan,jaipur,302001,2019,1,19178441,25043540802.372772,4954219,7600396570.221162
rajasthan,jaipur,302001,2019,2,27449382,46056907216.76753,14130072,26047079270.713707
rajasthan,jaipur,302001,2019,3,36334520,58402103360.67964,15037317,31903765546.790283
rajasthan,jaipur,302001,2019,4,44335592,81782144762.48987,17153003,41220743922.1253
rajasthan,jaipur,302016,2020,1,52623661,98360847993.80876,24180734,56174137377.66255
rajasthan,jaipur,302016,2020,2,43871862,88270816977.90562,22032140,53610675078.51194
rajasthan,jaipur,302016,2020,3,71797182,138189424031.4575,34723808,78104750484.06071
rajasthan,jaipur,302016,2020,4,82378485,159641718978.41748,31028451,71599277148.69725
rajasthan,jaipur,302016,2021,1,125917532,223771205713.2528,65639307,124138636281.23145
rajasthan,jaipur,302016,2021,2,137247139,248390977964.55786,81782827,152295120262.96942
rajasthan,jaipur,302016,2021,3,193839196,313664435689.29987,108659324,179936124302.00922
rajasthan,jaipur,302016,2021,4,231804892,394435778364.0141,130544931,225546213678.0312
rajasthan,jaipur,302016,2022,1,262950613,434507898653.22876,148956604,248958961898.9538
rajasthan,jaipur,302016,2022,2,314511010,497492495896.22046,181570316,290408785688.94006
rajasthan,jaipur,302012,2022,3,377469909,564818218571.2906,220682742,322546632329.7969
rajasthan,jaipur,302012,2022,4,404922774,635458549842.8215,255709582,401447081116.40735
rajasthan,jaipur,302012,2023,1,250101628,383391511211.0,17831228,30754435475.0
rajasthan,jaipur,302012,2023,2,291245541,414094307123.0,20702152,32851767886.0
rajasthan,jaipur,302012,2023,3,342432937,452155901967.0,23993171,35931331779.0
rajasthan,jaipur,302012,2023,4,364600665,506659281364.0,25869737,40194287359.0
sikkim,east,737101,2018,1,24432,35907388.054869555,5740,8443342.10723518
sikkim,east,737101,2018,2,40432,83823658.19224699,10559,25376078.163594432
sikkim,east,737101,2018,3,59571,133322127.02823457,14511,34011083.76562938
sikkim,east,737101,2018,4,84485,216960325.35148895,20274,53997162.86355927
sikkim,east,737101,2019,1,155482,291845617.9832262,74498,118108022.59828645
sikkim,east,737101,2019,2,297652,538259507.8024242,210317,320406038.0351463
sikkim,east,737101,2019,3,429201,643298304.6767757,310087,394711071.83428097
sikkim,east,737101,2019,4,616761,877636921.1534436,477056,567811576.1273177
sikkim,east,737101,2020,1,360279,729478141.568978,198806,401678944.0832668
sikkim,east,737101,2020,2,304581,653853477.4965272,99514,241524817.7601629
sikkim,east,737101,2020,3,353881,869648385.4220288,123677,363123445.92071867
sikkim,east,737101,2020,4,428732,1129627876.1171594,137621,401393359.3730345
sikkim,east,737101,2021,1,516158,1432658383.1323361,230314,651230894.2642756
sikkim,east,737101,2021,2,635504,1575867390.7924504,297452,724746706.3079436
sikkim,east,737101,2021,3,757493,1937906268.9017417,338734,867802298.5562382
sikkim,east,737101,2021,4,1071092,2791933180.3838186,541997,1401565372.8342977
sikkim,east,737101,2022,1,1173942,2887894588.7435055,572571,1429425945.961132
sikkim,east,737101,2022,2,1540255,3736097005.542384,766826,1908886120.2727275
sikkim,east,737101,2022,3,1604446,3375012613.0491495,794044,1639837896.5598912
sikkim,east,737132,2022,4,2227237,4615052808.218626,828709,1491008376.2351952
sikkim,east,737101,2023,1,2050840,4070142377.0,641677,1331757197.0
sikkim,east,737101,2023,2,2681672,5266694395.0,899962,1922355312.0
sikkim,east,737101,2023,3,2877345,4826863273.0,848485,1395615692.0
sikkim,east,737101,2023,4,2941915,5169011224.0,939710,1604243292.0
tamil-nadu,chennai,600003,2018,1,2656230,4281137762.522443,2010196,2997847000.265506
tamil-nadu,chennai,600003,2018,2,3719593,7305357440.752291,2771900,5194488793.022476
tamil-nadu,chennai,600003,2018,3,5887343,10122319547.137985,4430587,7070098756.153783
tamil-nadu,chennai,600003,2018,4,8007699,14632395110.56675,5539392,10066365923.24963
tamil-nadu,chennai,600003,2019,1,11642449,18810971714.51368,8217185,12799152324.27052
tamil-nadu,chennai,600003,2019,2,10577435,20366477248.325935,6992850,13700604318.48539
tamil-nadu,chennai,600003,2019,3,11333032,23024193806.41262,6406756,14709936634.889
tamil-nadu,chennai,600003,2019,4,16437269,31810645818.308853,10008230,21375916666.727257
tamil-nadu,chennai,600003,2020,1,21747309,40923609646.495,14352747,29310364582.884754
tamil-nadu,chennai,600003,2020,2,12611208,29147317644.503105,8641869,22394007817.575096
tamil-nadu,chennai,600003,2020,3,17354210,39868873382.45007,11269288,28801727693.914406
tamil-nadu,chennai,600003,2020,4,24172148,46230345977.314285,11690163,26114457256.84628
tamil-nadu,chennai,600003,2021,1,39623781,67401706552.937416,25512152,44939868773.04715
tamil-nadu,chennai,600003,2021,2,43737916,74499227803.65169,31694305,54282023022.63944
tamil-nadu,chennai,600003,2021,3,60971210,100463999673.28705,42982007,71274098295.90457
tamil-nadu,chennai,600003,2021,4,76229690,118203166308.69281,54054310,83084090738.55415
tamil-nadu,chennai,600003,2022,1,87458453,135444152912.82495,62446149,95888452779.63263
tamil-nadu,chennai,600003,2022,2,105344784,154665269695.64178,75241472,108938946466.4329
tamil-nadu,chengalpattu,600119,2022,3,78987490,106079722725.66629,54651373,74718053576.90952
tamil-nadu,chengalpattu,600119,2022,4,109159290,143850411731.03558,82889654,111402422914.48465
tamil-nadu,chennai,635109,2023,1,54082635,74022904169.0,5561184,8063057016.0
tamil-nadu,chennai,635109,2023,2,58067196,79752773295.0,6139659,9025310633.0
tamil-nadu,chennai,635109,2023,3,64423156,85198861679.0,6976780,9850516872.0
tamil-nadu,chennai,635109,2023,4,63203856,84462859933.0,7538752,10522235023.0
telangana,hyderabad,500012,2018,1,2545507,4287223789.76588,933013,1643061976.426294
telangana,hyderabad,500012,2018,2,3156805,6628159910.681627,1024336,2257038218.1929708
telangana,hyderabad,500012,2018,3,5786941,9503554478.108147,1726388,3077635699.337487
telangana,hyderabad,500012,2018,4,9360515,14727846731.548256,2576408,4841883809.168822
telangana,hyderabad,500012,2019,1,24838664,34892156029.40753,9957548,15399177052.931395
telangana,hyderabad,500012,2019,2,43511186,73949377453.0185,23303184,42709920754.79193
telangana,hyderabad,500012,2019,3,55159072,96365182751.25804,27360144,55516914964.120514
telangana,hyderabad,500012,2019,4,72987282,130230415629.30252,32637373,67244225971.71475
telangana,hyderabad,500001,2020,1,94177232,183207208610.81787,63671159,139394865595.49792
telangana,hyderabad,500001,2020,2,56374644,130820061488.30273,39752686,101961882246.87434
telangana,hyderabad,500001,2020,3,99285803,228448742377.47607,70732132,177532009421.7673
telangana,hyderabad,500001,2020,4,117008707,243045184188.28204,63797806,154104662898.10645
telangana,hyderabad,500001,2021,1,169703372,316572388133.78735,107274281,218270126529.36053
telangana,hyderabad,500001,2021,2,212326623,424872741465.13696,148864777,315432046413.66345
telangana,hyderabad,500001,2021,3,262028284,479343321365.37256,173430239,335290201877.6652
telangana,hyderabad,500001,2021,4,325636475,582079170534.0186,213053128,398798138080.50854
telangana,hyderabad,500001,2022,1,372711414,661512502141.0775,248675599,460948755722.1826
telangana,hyderabad,500001,2022,2,446470234,775908693266.7238,296874552,536659038240.45605
telangana,hyderabad,500034,2022,3,1018658174,1586047443981.7905,832279716,1276247184385.9084
telangana,hyderabad,500034,2022,4,1133829812,1753799022390.8735,967508435,1501499856273.482
telangana,rangareddy,500072,2023,1,329344012,487359310308.0,48884911,69139644856.0
telangana,rangareddy,500072,2023,2,384456496,561147925919.0,58118143,80065833852.0
telangana,rangareddy,500072,2023,3,439381886,615864362548.0,65847402,88142226984.0
telangana,rangareddy,500072,2023,4,460487052,647241284036.0,69292728,91284974730.0
tripura,west tripura,799001,2018,1,70467,68418341.27939591,9535,11029713.22537743
tripura,west tripura,799001,2018,2,108318,127784098.63368198,16193,22630189.05025975
tripura,west tripura,799001,2018,3,168029,229530961.76904222,26677,41554796.06232005
tripura,west tripura,799001,2018,4,192827,305112898.56606925,30211,53358135.459365055
tripura,west tripura,799001,2019,1,269281,356302222.87033004,37656,58808386.11254738
tripura,west tripura,799001,2019,2,259708,400168803.61725503,37761,70792093.22384417
tripura,west tripura,799001,2019,3,370916,501659348.30598545,51438,93380569.27025789
tripura,west tripura,799001,2019,4,394538,585934433.558359,59817,116307801.07017073
tripura,west tripura,799001,2020,1,461888,795860840.742927,87118,229108279.45874107
tripura,west tripura,799001,2020,2,422021,779679849.9780351,86161,231777951.65221855
tripura,west tripura,799001,2020,3,522218,937726111.8013046,96924,210455496.0266828
tripura,west tripura,799001,2020,4,692509,1319546164.1650114,141329,295115359.2662865
tripura,west tripura,799001,2021,1,692376,1402040320.719656,164426,351838459.6746892
tripura,west tripura,799001,2021,2,772723,1463071251.4870775,180337,373392994.57616675
tripura,west tripura,799001,2021,3,960039,1895464982.7091532,239712,491293307.22377086
tripura,west tripura,799001,2021,4,1174499,2328859193.6465282,295775,586031411.957277
tripura,west tripura,799001,2022,1,1340631,2620170134.665219,331041,646519724.2691705
tripura,west tripura,799001,2022,2,1654938,2957075284.517076,407651,759465139.192843
tripura,west tripura,799001,2022,3,2286054,4317123305.576752,939704,1937548277.2018309
tripura,west tripura,799001,2022,4,3006900,5757593406.558214,1547249,3286195023.042714
tripura,west tripura,799001,2023,1,3134574,5127042638.0,556403,970341648.0
tripura,west tripura,799001,2023,2,3504788,5599757469.0,652112,1107454735.0
tripura,west tripura,799001,2023,3,4139314,6159518389.0,772124,1213222644.0
tripura,west tripura,799001,2023,4,4523251,6769130434.0,880207,1394416176.0
uttar-pradesh,gautam buddha nagar,201301,2018,1,1387567,2065704006.9242067,690196,987613438.9540119
uttar-pradesh,gautam buddha nagar,201301,2018,2,1942298,3398984096.752239,971854,1673280979.3831716
uttar-pradesh,varanasi,221001,2018,3,3305134,2367346800.1463585,1439623,671779876.5266988
uttar-pradesh,gautam buddha nagar,201301,2018,4,6083056,7483532543.63562,2504916,3217987818.841588
uttar-pradesh,gautam buddha nagar,201301,2019,1,10750094,10286434896.5461,4596696,4223121104.413077
uttar-pradesh,lucknow,226004,2019,2,12624404,22426462674.94428,8966947,16438621373.818607
uttar-pradesh,gautam buddha nagar,226004,2019,3,13014875,14118512957.85155,6687157,17110382946.6282
uttar-pradesh,gautam buddha nagar,226004,2019,4,16003102,17701548866.812836,8588482,21494958633.324272
uttar-pradesh,gautam buddha nagar,226004,2020,1,16781339,19356764212.732895,9379065,25604240132.822746
uttar-pradesh,lucknow,226004,2020,2,12430842,30895556075.945335,7759585,23228204955.63629
uttar-pradesh,lucknow,226004,2020,3,18626637,44986768816.575165,11561325,32419324318.886276
uttar-pradesh,gautam buddha nagar,226004,2020,4,26875484,32842519367.026226,10577161,28971261812.62314
uttar-pradesh,lucknow,226004,2021,1,35616880,66268662302.66503,22707332,45313324217.90133
uttar-pradesh,lucknow,226004,2021,2,41241215,78447443137.55057,30119203,58851436924.50308
uttar-pradesh,lucknow,226004,2021,3,51055467,85371248453.0547,32760729,56323637943.606125
uttar-pradesh,lucknow,226004,2021,4,67415795,115688821642.09215,43155116,77167492878.88756
uttar-pradesh,lucknow,226004,2022,1,79740953,132456458141.91397,52902770,91187788842.3486
uttar-pradesh,lucknow,226004,2022,2,102123625,164056107244.2309,69083808,115329604877.16333
uttar-pradesh,lucknow,226020,2022,3,103532277,150291038432.73062,63023875,91465754907.13475
uttar-pradesh,lucknow,226020,2022,4,142292419,214139000063.1341,105929627,163113420102.871
uttar-pradesh,gautam buddha nagar,201301,2023,1,130607154,135979906082.0,34429152,30542090341.0
uttar-pradesh,gautam buddha nagar,201301,2023,2,157681545,150948217823.0,40364243,33059188347.0
uttar-pradesh,gautam buddha nagar,201301,2023,3,180450033,164910883457.0,45155149,35368082651.0
uttar-pradesh,gautam buddha nagar,201301,2023,4,192419424,180306500632.0,47085837,38136753615.0
uttarakhand,dehradun,263153,2018,1,329459,512888194.28700817,97382,90201594.16207603
uttarakhand,dehradun,248001,2018,2,464526,908634049.1026804,124628,261465699.4827249
uttarakhand,udham singh nagar,263153,2018,3,635903,750899273.4469256,183820,224233979.6017964
uttarakhand,dehradun,263153,2018,4,839564,1866928298.8196144,264519,332056289.2598503
uttarakhand,udham singh nagar,263153,2019,1,1872126,1489217231.3368738,657220,469316163.73215765
uttarakhand,dehradun,248001,2019,2,1628356,3149635867.735813,620613,1256102664.8193617
uttarakhand,dehradun,248001,2019,3,2163047,3787761714.5911207,767605,1540174244.947864
uttarakhand,dehradun,248001,2019,4,3069497,4994340229.552402,1059516,2100745455.8652391
uttarakhand,dehradun,248001,2020,1,4292172,7855577949.518105,1786332,3988026320.4777536
uttarakhand,dehradun,248001,2020,2,3619286,7204561616.480451,1605883,3891229543.3291807
uttarakhand,dehradun,248001,2020,3,4899672,9682445376.09395,2312196,5346194976.125801
uttarakhand,dehradun,248001,2020,4,7225475,12878001020.781935,2980891,6164829357.565722
uttarakhand,dehradun,248001,2021,1,10341368,16714266661.471684,5324869,9536164963.687986
uttarakhand,dehradun,248001,2021,2,11452915,18841754559.75351,6526556,11435673950.176699
uttarakhand,dehradun,248001,2021,3,15063442,22990701165.284508,8324937,13319500529.675585
uttarakhand,dehradun,248001,2021,4,20099531,30616000516.70843,11068155,18148561508.00067
uttarakhand,dehradun,248001,2022,1,22257700,33123635654.16364,12852428,20277822711.230972
uttarakhand,dehradun,248001,2022,2,28405360,40081073999.877716,16099731,24063699804.410492
uttarakhand,dehradun,248001,2022,3,31286908,43421889600.77414,19127567,27902445785.856255
uttarakhand,dehradun,248001,2022,4,40807331,58612213437.28185,27106793,41385899667.74322
uttarakhand,dehradun,248001,2023,1,28447368,33916386161.0,7563043,9147895394.0
uttarakhand,dehradun,248001,2023,2,34692859,40261073972.0,8862026,10369873258.0
uttarakhand,dehradun,248001,2023,3,36594851,40603170022.0,9685199,10840822412.0
uttarakhand,dehradun,248001,2023,4,39924330,45527971116.0,10334868,11999443308.0
west-bengal,birbhum,731101,2018,1,2125816,2520486412.452376,1764956,2366771285.7278423
west-bengal,birbhum,731101,2018,2,2775489,3988930679.767912,2134258,3697928407.6030483
west-bengal,birbhum,731101,2018,3,6066238,6130627463.516832,2644866,4429377129.783087
west-bengal,kolkata,731101,2018,4,5401244,8502095208.881001,3284268,5847016363.011223
west-bengal,kolkata,700009,2019,1,9807639,12332944237.04475,6353573,7885002278.529918
west-bengal,kolkata,700009,2019,2,13259522,17260848900.77318,9694969,12068405239.946836
west-bengal,kolkata,700009,2019,3,16306691,21451201632.248753,11494363,14573984421.133255
west-bengal,kolkata,700009,2019,4,21917627,26475748918.32508,16310685,18429094743.25623
west-bengal,kolkata,700009,2020,1,18756562,33530346186.636322,13084249,24503076745.659294
west-bengal,kolkata,700009,2020,2,12981198,28320831275.65245,8443615,21120052662.569656
west-bengal,kolkata,700009,2020,3,20532488,47965864187.61055,14161961,35897930520.847115
west-bengal,kolkata,700009,2020,4,21348317,48043058849.4187,11305243,28555964654.220165
west-bengal,kolkata,700009,2021,1,33156725,67772051033.458176,22636620,46588327733.58736
west-bengal,kolkata,700009,2021,2,41726247,80954850438.57185,30775525,59587220231.94325
west-bengal,kolkata,700009,2021,3,55166796,108533947842.03369,39926216,77196918605.22375
west-bengal,kolkata,700009,2021,4,65708533,131156784692.10446,46428076,90799321494.7185
west-bengal,kolkata,700009,2022,1,76392752,155417783792.6444,54223924,109175153057.4741
west-bengal,kolkata,700009,2022,2,94525113,185459902953.69675,67157736,130052677445.67651
west-bengal,kolkata,700039,2022,3,120867251,228807547826.57977,82900479,153815755896.18814
west-bengal,kolkata,700039,2022,4,151040298,280225478481.87036,119193886,219834107643.85355
west-bengal,north twenty four parganas,700156,2023,1,82336235,134391026103.0,5958877,5609483195.0
west-bengal,north twenty four parganas,700156,2023,2,96628528,151571700376.0,6927595,6467350121.0
west-bengal,north twenty four parganas,700156,2023,3,113910456,166844566801.0,8289388,7339618058.0
west-bengal,north twenty four parganas,700156,2023,4,128343164,186466249070.0,8786298,7815868697.0
