State,District,Pincode,Year,Quater,Ins_dist_count,Ins_dist_amount,Ins_pincode_count,Ins_pincode_amount
andaman-&-nicobar-islands,nicobars,744301,2020,2,3,565.0,3,565.0
andaman-&-nicobar-islands,south andaman,744112,2020,3,35,13651.0,9,3432.0
andaman-&-nicobar-islands,south andaman,744105,2020,4,109,137494.0,25,25659.0
andaman-&-nicobar-islands,south andaman,744105,2021,1,164,167044.0,47,53060.0
andaman-&-nicobar-islands,south andaman,744103,2021,2,105,121104.0,36,33716.0
andaman-&-nicobar-islands,south andaman,744105,2021,3,182,223699.0,70,82425.0
andaman-&-nicobar-islands,south andaman,744105,2021,4,632,800758.0,194,232344.0
andaman-&-nicobar-islands,south andaman,744103,2022,1,692,982206.0,174,226181.0
andaman-&-nicobar-islands,south andaman,744103,2022,2,430,633029.0,97,156861.0
andaman-&-nicobar-islands,south andaman,744103,2022,3,535,687813.0,151,198569.0
andaman-&-nicobar-islands,south andaman,744103,2022,4,750,1114857.0,199,299036.0
andaman-&-nicobar-islands,south andaman,744103,2023,1,872,1172083.0,236,286594.0
andaman-&-nicobar-islands,south andaman,744103,2023,2,670,1060976.0,171,341853.0
andaman-&-nicobar-islands,south andaman,744103,2023,3,682,1052324.0,191,306744.0
andaman-&-nicobar-islands,south andaman,744103,2023,4,1006,1504528.0,268,415144.0
andhra-pradesh,visakhapatnam,515001,2020,2,3504,614212.0,540,86088.0
andhra-pradesh,visakhapatnam,535003,2020,3,7906,1892376.0,968,195870.0
andhra-pradesh,visakhapatnam,515001,2020,4,3464,2203761.0,292,120291.0
andhra-pradesh,visakhapatnam,530016,2021,1,4006,2403199.0,287,144342.0
andhra-pradesh,prakasam,523002,2021,2,5308,2719134.0,1409,631953.0
andhra-pradesh,visakhapatnam,520010,2021,3,4044,3191769.0,299,246736.0
andhra-pradesh,visakhapatnam,524004,2021,4,4176,5425896.0,568,468698.0
andhra-pradesh,visakhapatnam,523001,2022,1,5196,6953446.0,501,553651.0
andhra-pradesh,visakhapatnam,520010,2022,2,5851,7046107.0,394,411471.0
andhra-pradesh,visakhapatnam,524002,2022,3,6720,7779967.0,485,506293.0
andhra-pradesh,visakhapatnam,517507,2022,4,7636,9911879.0,596,856272.0
andhra-pradesh,visakhapatnam,517507,2023,1,6752,9502319.0,468,848915.0
andhra-pradesh,visakhapatnam,517507,2023,2,7000,8910217.0,616,969092.0
andhra-pradesh,visakhapatnam,517507,2023,3,8972,11107138.0,681,926705.0
andhra-pradesh,visakhapatnam,530016,2023,4,8787,12027284.0,563,837356.0
arunachal-pradesh,papum pare,791113,2020,2,33,6304.0,21,3445.0
arunachal-pradesh,papum pare,791110,2020,3,60,15776.0,21,4213.0
arunachal-pradesh,papum pare,791113,2020,4,48,21298.0,18,5383.0
arunachal-pradesh,papum pare,791110,2021,1,65,62651.0,21,32836.0
arunachal-pradesh,papum pare,791110,2021,2,69,89335.0,26,14352.0
arunachal-pradesh,papum pare,791001,2021,3,50,95368.0,21,57300.0
arunachal-pradesh,papum pare,791110,2021,4,128,232985.0,44,84245.0
arunachal-pradesh,papum pare,791111,2022,1,149,339981.0,51,124161.0
arunachal-pradesh,papum pare,791110,2022,2,310,752159.0,97,272742.0
arunachal-pradesh,papum pare,791111,2022,3,250,590296.0,98,283474.0
arunachal-pradesh,papum pare,791111,2022,4,249,557453.0,86,169298.0
arunachal-pradesh,papum pare,791110,2023,1,214,609907.0,74,172651.0
arunachal-pradesh,papum pare,791110,2023,2,261,767297.0,94,280971.0
arunachal-pradesh,papum pare,791110,2023,3,285,696186.0,91,197412.0
arunachal-pradesh,papum pare,791110,2023,4,318,852980.0,106,279822.0
assam,kamrup metropolitan,781022,2020,2,388,73071.0,36,6530.0
assam,kamrup metropolitan,781032,2020,3,698,186125.0,84,19733.0
assam,kamrup metropolitan,781032,2020,4,626,534531.0,57,43429.0
assam,kamrup metropolitan,781022,2021,1,909,638404.0,81,81773.0
assam,kamrup metropolitan,781032,2021,2,910,790743.0,79,47103.0
assam,kamrup metropolitan,781032,2021,3,1130,1219595.0,121,117986.0
assam,kamrup metropolitan,781032,2021,4,2250,2848340.0,166,209584.0
assam,kamrup metropolitan,781032,2022,1,3580,5037571.0,277,421464.0
assam,kamrup metropolitan,781022,2022,2,2330,3272854.0,181,236099.0
assam,kamrup metropolitan,781032,2022,3,3502,4613053.0,288,333196.0
assam,kamrup metropolitan,781032,2022,4,5835,7067068.0,386,453000.0
assam,kamrup metropolitan,781022,2023,1,5668,7671824.0,390,583421.0
assam,kamrup metropolitan,781022,2023,2,4012,5898627.0,315,523785.0
assam,kamrup metropolitan,781032,2023,3,4860,6709390.0,345,438318.0
assam,kamrup metropolitan,781032,2023,4,5317,7719481.0,366,494519.0
bihar,patna,800001,2020,2,685,126689.0,126,21331.0
bihar,patna,800001,2020,3,1926,427322.0,357,78191.0
bihar,patna,800001,2020,4,1831,1396144.0,283,183251.0
bihar,patna,800001,2021,1,2101,1349311.0,393,228403.0
bihar,patna,800001,2021,2,2844,2420477.0,471,351926.0
bihar,patna,800001,2021,3,4025,3635269.0,622,539872.0
bihar,patna,800001,2021,4,5114,5291931.0,766,735530.0
bihar,patna,800001,2022,1,4444,5436425.0,704,796836.0
bihar,patna,800001,2022,2,4980,5796863.0,798,849952.0
bihar,patna,800001,2022,3,6711,7663832.0,1202,1329988.0
bihar,patna,800001,2022,4,7741,8886520.0,1363,1554670.0
bihar,patna,800001,2023,1,6401,7935610.0,1144,1280139.0
bihar,patna,800001,2023,2,7312,9370034.0,1237,1451616.0
bihar,patna,800001,2023,3,10764,12203806.0,1838,2006880.0
bihar,patna,800001,2023,4,9152,12139703.0,1458,2069004.0
chandigarh,chandigarh,160101,2020,2,149,29537.0,31,6158.0
chandigarh,chandigarh,160047,2020,3,264,70969.0,48,11353.0
chandigarh,chandigarh,160101,2020,4,200,153341.0,35,26948.0
chandigarh,chandigarh,160101,2021,1,338,238576.0,51,30704.0
chandigarh,chandigarh,160002,2021,2,378,310943.0,61,56288.0
chandigarh,chandigarh,160002,2021,3,494,469634.0,80,59092.0
chandigarh,chandigarh,160002,2021,4,710,835813.0,136,111958.0
chandigarh,chandigarh,160101,2022,1,792,1150932.0,120,170516.0
chandigarh,chandigarh,160002,2022,2,1330,1874959.0,178,239321.0
chandigarh,chandigarh,160101,2022,3,1533,1998439.0,197,224851.0
chandigarh,chandigarh,160002,2022,4,1403,2024528.0,201,270411.0
chandigarh,chandigarh,160101,2023,1,1520,2415574.0,225,285617.0
chandigarh,chandigarh,160101,2023,2,1704,2501107.0,229,301119.0
chandigarh,chandigarh,160002,2023,3,1883,2660630.0,270,370626.0
chandigarh,chandigarh,160101,2023,4,1767,3053934.0,269,425028.0
chhattisgarh,raipur,495001,2020,2,410,81039.0,93,16932.0
chhattisgarh,raipur,492001,2020,3,1324,395561.0,359,109861.0
chhattisgarh,raipur,492001,2020,4,854,518623.0,165,90502.0
chhattisgarh,raipur,492001,2021,1,1026,542296.0,241,112353.0
chhattisgarh,raipur,492001,2021,2,1208,819324.0,292,170890.0
chhattisgarh,raipur,492001,2021,3,1145,798270.0,284,175174.0
chhattisgarh,raipur,492001,2021,4,1504,1759887.0,394,483971.0
chhattisgarh,raipur,492001,2022,1,1650,2255466.0,457,616010.0
chhattisgarh,raipur,492001,2022,2,1773,2243228.0,465,490898.0
chhattisgarh,raipur,492001,2022,3,2103,2618098.0,571,554974.0
chhattisgarh,raipur,492001,2022,4,2894,3964532.0,704,869991.0
chhattisgarh,raipur,492001,2023,1,2822,3781934.0,647,773832.0
chhattisgarh,raipur,492001,2023,2,2650,3689547.0,723,902708.0
chhattisgarh,raipur,492001,2023,3,3101,4008990.0,694,852839.0
chhattisgarh,raipur,492001,2023,4,4216,6830052.0,958,1489874.0
dadra-&-nagar-haveli-&-daman-&-diu,dadra and nagar haveli,396230,2020,2,595,90317.0,471,69757.0
dadra-&-nagar-haveli-&-daman-&-diu,dadra and nagar haveli,396230,2020,3,167,44815.0,143,41073.0
dadra-&-nagar-haveli-&-daman-&-diu,daman,396230,2020,4,115,95653.0,93,42215.0
dadra-&-nagar-haveli-&-daman-&-diu,daman,396210,2021,1,234,150144.0,171,119823.0
dadra-&-nagar-haveli-&-daman-&-diu,dadra and nagar haveli,396230,2021,2,221,107039.0,164,76796.0
dadra-&-nagar-haveli-&-daman-&-diu,dadra and nagar haveli,396230,2021,3,191,125786.0,144,86509.0
dadra-&-nagar-haveli-&-daman-&-diu,dadra and nagar haveli,396230,2021,4,244,207499.0,174,136491.0
dadra-&-nagar-haveli-&-daman-&-diu,dadra and nagar haveli,396230,2022,1,281,337073.0,201,249751.0
dadra-&-nagar-haveli-&-daman-&-diu,dadra and nagar haveli,396230,2022,2,260,354974.0,195,261358.0
dadra-&-nagar-haveli-&-daman-&-diu,dadra and nagar haveli,396230,2022,3,519,593259.0,385,432488.0
dadra-&-nagar-haveli-&-daman-&-diu,dadra and nagar haveli,396230,2022,4,610,762921.0,443,569214.0
dadra-&-nagar-haveli-&-daman-&-diu,dadra and nagar haveli,396230,2023,1,598,810733.0,459,650192.0
dadra-&-nagar-haveli-&-daman-&-diu,dadra and nagar haveli,396230,2023,2,492,621719.0,377,483708.0
dadra-&-nagar-haveli-&-daman-&-diu,dadra and nagar haveli,396230,2023,3,600,777222.0,461,615237.0
dadra-&-nagar-haveli-&-daman-&-diu,dadra and nagar haveli,396230,2023,4,833,1306915.0,626,1009363.0
delhi,west,110059,2020,2,2159,341511.0,895,132104.0
delhi,west,110059,2020,3,1250,330947.0,407,95078.0
delhi,west,110059,2020,4,1383,1065762.0,447,315637.0
delhi,west,110059,2021,1,2017,1508820.0,632,446103.0
delhi,west,110042,2021,2,1965,1709029.0,1036,537398.0
delhi,west,110059,2021,3,2246,2081839.0,714,607891.0
delhi,west,110059,2021,4,5047,5302169.0,1509,1603319.0
delhi,west,110059,2022,1,4368,5442041.0,1416,1666849.0
delhi,west,110059,2022,2,3733,4528416.0,1142,1297001.0
delhi,west,110059,2022,3,5208,5873812.0,1506,1670765.0
delhi,west,110059,2022,4,6947,8360376.0,1982,2407623.0
delhi,west,110059,2023,1,6429,8754573.0,1796,2506005.0
delhi,west,110059,2023,2,5862,7931949.0,1748,2338495.0
delhi,west,110059,2023,3,6673,8338655.0,2047,2377598.0
delhi,west,110059,2023,4,7829,10545733.0,2330,3163916.0
goa,north goa,403601,2020,2,181,37838.0,22,4660.0
goa,north goa,403722,2020,3,401,115163.0,59,15935.0
goa,north goa,403722,2020,4,351,398099.0,42,34732.0
goa,north goa,403601,2021,1,514,464207.0,64,59277.0
goa,north goa,403601,2021,2,561,531664.0,77,73045.0
goa,north goa,403601,2021,3,668,825408.0,86,65102.0
goa,north goa,403001,2021,4,1203,1604306.0,146,139568.0
goa,north goa,403601,2022,1,1369,2131215.0,223,260595.0
goa,north goa,403001,2022,2,2018,3006451.0,257,321819.0
goa,north goa,403601,2022,3,1669,2298586.0,261,313674.0
goa,north goa,403401,2022,4,2517,3662258.0,270,429318.0
goa,north goa,403601,2023,1,2130,3216159.0,355,406884.0
goa,north goa,403601,2023,2,2231,3373064.0,383,445452.0
goa,north goa,403601,2023,3,2161,3229062.0,274,338515.0
goa,north goa,403601,2023,4,2725,4320025.0,362,571634.0
gujarat,ahmadabad,360311,2020,2,2282,396800.0,177,24744.0
gujarat,ahmadabad,395006,2020,3,2682,655107.0,266,58537.0
gujarat,ahmadabad,395006,2020,4,2306,1404202.0,195,149132.0
gujarat,ahmadabad,395010,2021,1,2902,1664753.0,242,133115.0
gujarat,ahmadabad,395006,2021,2,3074,2177028.0,294,114635.0
gujarat,surat,395010,2021,3,3409,2501335.0,383,263796.0
gujarat,ahmadabad,394210,2021,4,4857,5269395.0,374,399641.0
gujarat,ahmadabad,394210,2022,1,6393,7847666.0,582,603510.0
gujarat,ahmadabad,394210,2022,2,6962,8565312.0,676,652988.0
gujarat,ahmadabad,395010,2022,3,8499,9788819.0,807,684259.0
gujarat,ahmadabad,394210,2022,4,9650,12572383.0,773,769818.0
gujarat,ahmadabad,394210,2023,1,8530,11389837.0,1001,1073416.0
gujarat,ahmadabad,395010,2023,2,9078,11920370.0,685,714994.0
gujarat,ahmadabad,395006,2023,3,13645,16204152.0,1451,1257464.0
gujarat,ahmadabad,394210,2023,4,10344,16047139.0,816,966984.0
haryana,gurugram,122001,2020,2,2571,438481.0,575,93975.0
haryana,gurugram,122001,2020,3,1999,454846.0,361,74622.0
haryana,gurugram,122001,2020,4,2380,1626450.0,460,270525.0
haryana,gurugram,122001,2021,1,3377,2003697.0,604,349428.0
haryana,gurugram,122001,2021,2,3238,2521099.0,566,394802.0
haryana,gurugram,122001,2021,3,4501,3651728.0,866,704138.0
haryana,gurugram,122001,2021,4,5951,6492219.0,1104,1111507.0
haryana,gurugram,122001,2022,1,6642,8138262.0,1252,1456298.0
haryana,gurugram,122001,2022,2,6554,7627997.0,1236,1366070.0
haryana,gurugram,122001,2022,3,10085,10744733.0,1932,1913882.0
haryana,gurugram,122001,2022,4,11347,14333166.0,2037,2580157.0
haryana,gurugram,122001,2023,1,10981,15057940.0,2018,2513445.0
haryana,gurugram,122001,2023,2,11759,15891257.0,2154,2955207.0
haryana,gurugram,122001,2023,3,13467,16796070.0,2457,3051171.0
haryana,gurugram,122001,2023,4,14118,20950373.0,2474,3601541.0
himachal-pradesh,solan,175141,2020,2,97,19714.0,63,7664.0
himachal-pradesh,solan,173205,2020,3,132,38040.0,55,13283.0
himachal-pradesh,solan,173205,2020,4,162,88870.0,79,40346.0
himachal-pradesh,solan,173205,2021,1,248,140127.0,127,52084.0
himachal-pradesh,solan,173205,2021,2,243,196231.0,118,81179.0
himachal-pradesh,solan,173205,2021,3,391,390500.0,163,139002.0
himachal-pradesh,kangra,173205,2021,4,535,1087881.0,222,214385.0
himachal-pradesh,kangra,173205,2022,1,674,1204389.0,237,291025.0
himachal-pradesh,kangra,173205,2022,2,669,1348463.0,230,305655.0
himachal-pradesh,kangra,173205,2022,3,823,1348052.0,371,404794.0
himachal-pradesh,kangra,173205,2022,4,1085,2218111.0,455,632101.0
himachal-pradesh,kangra,173205,2023,1,950,1883388.0,325,424721.0
himachal-pradesh,kangra,173205,2023,2,979,2087628.0,389,467736.0
himachal-pradesh,kangra,173205,2023,3,998,2023047.0,349,392065.0
himachal-pradesh,kangra,173205,2023,4,1319,3070701.0,495,842873.0
jammu-&-kashmir,jammu,182101,2020,2,90,20793.0,12,2961.0
jammu-&-kashmir,jammu,180005,2020,3,178,57768.0,24,11779.0
jammu-&-kashmir,jammu,180011,2020,4,220,234831.0,20,8723.0
jammu-&-kashmir,jammu,193504,2021,1,330,366886.0,115,165665.0
jammu-&-kashmir,jammu,193504,2021,2,371,621718.0,71,43177.0
jammu-&-kashmir,jammu,192123,2021,3,475,624158.0,76,34214.0
jammu-&-kashmir,jammu,191111,2021,4,918,1563386.0,515,260569.0
jammu-&-kashmir,jammu,192301,2022,1,974,1927670.0,136,178613.0
jammu-&-kashmir,jammu,180001,2022,2,1181,1988901.0,113,152646.0
jammu-&-kashmir,jammu,182101,2022,3,1674,2443103.0,159,194704.0
jammu-&-kashmir,jammu,182101,2022,4,1879,3260604.0,190,380455.0
jammu-&-kashmir,jammu,180001,2023,1,1657,3092481.0,127,176240.0
jammu-&-kashmir,jammu,182101,2023,2,1710,3178077.0,161,317428.0
jammu-&-kashmir,jammu,182101,2023,3,1802,2956782.0,195,277567.0
jammu-&-kashmir,jammu,182101,2023,4,2185,4418006.0,252,474854.0
jharkhand,dhanbad,826124,2020,2,741,134652.0,307,51877.0
jharkhand,dhanbad,826124,2020,3,1459,365170.0,378,89931.0
jharkhand,ranchi,834001,2020,4,670,559639.0,176,143529.0
jharkhand,ranchi,834001,2021,1,1026,734770.0,303,183419.0
jharkhand,ranchi,834001,2021,2,1116,1206771.0,254,239419.0
jharkhand,ranchi,834001,2021,3,1484,1611727.0,400,332493.0
jharkhand,ranchi,834001,2021,4,2151,2693792.0,608,614197.0
jharkhand,ranchi,834001,2022,1,2342,3350440.0,622,804617.0
jharkhand,ranchi,834001,2022,2,2225,3046609.0,641,681631.0
jharkhand,ranchi,834001,2022,3,3281,4087473.0,952,1088439.0
jharkhand,ranchi,834001,2022,4,3465,4954150.0,901,1096797.0
jharkhand,east singhbhum,834001,2023,1,3445,4138971.0,853,1139933.0
jharkhand,east singhbhum,834001,2023,2,4220,4665989.0,957,1221293.0
jharkhand,ranchi,834001,2023,3,4543,5962408.0,1290,1541368.0
jharkhand,ranchi,834001,2023,4,4651,7441219.0,1142,1641382.0
karnataka,bengaluru urban,560068,2020,2,20040,3301769.0,1076,168415.0
karnataka,bengaluru urban,560068,2020,3,32192,6940765.0,1603,340876.0
karnataka,bengaluru urban,560068,2020,4,18485,15922383.0,849,653177.0
karnataka,bengaluru urban,560068,2021,1,21606,17636524.0,870,614123.0
karnataka,bengaluru urban,560068,2021,2,21918,19572756.0,982,719927.0
karnataka,bengaluru urban,560068,2021,3,27498,26210017.0,1126,984821.0
karnataka,bengaluru urban,560068,2021,4,44650,50064816.0,1839,1905289.0
karnataka,bengaluru urban,560068,2022,1,57549,71700148.0,2349,2922542.0
karnataka,bengaluru urban,560068,2022,2,57934,69731242.0,2692,3077564.0
karnataka,bengaluru urban,560068,2022,3,64593,79303480.0,2861,3528404.0
karnataka,bengaluru urban,560068,2022,4,78817,101938016.0,3419,4310528.0
karnataka,bengaluru urban,560068,2023,1,75238,103829030.0,3214,4091377.0
karnataka,bengaluru urban,560068,2023,2,69812,99096628.0,3141,3959944.0
karnataka,bengaluru urban,560068,2023,3,81520,109497225.0,3688,4646310.0
karnataka,bengaluru urban,560068,2023,4,88349,133137089.0,3947,5606578.0
kerala,ernakulam,682042,2020,2,418,93852.0,23,4677.0
kerala,ernakulam,682024,2020,3,2380,725788.0,85,26200.0
kerala,ernakulam,682020,2020,4,1310,892676.0,60,33576.0
kerala,ernakulam,673508,2021,1,1252,1016580.0,81,79723.0
kerala,ernakulam,682025,2021,2,1939,1728254.0,75,41233.0
kerala,ernakulam,682042,2021,3,2041,2178118.0,89,61579.0
kerala,ernakulam,695001,2021,4,3397,4987028.0,147,206230.0
kerala,ernakulam,682042,2022,1,6248,10184076.0,233,334805.0
kerala,ernakulam,682042,2022,2,6138,9888302.0,233,282204.0
kerala,ernakulam,695001,2022,3,9029,13521423.0,410,492523.0
kerala,ernakulam,682042,2022,4,11176,16851440.0,447,617334.0
kerala,ernakulam,682042,2023,1,11073,17476806.0,475,678883.0
kerala,ernakulam,682042,2023,2,10598,16600162.0,474,632011.0
kerala,ernakulam,682042,2023,3,12004,19154183.0,563,741388.0
kerala,ernakulam,682042,2023,4,13336,21283249.0,564,836164.0
ladakh,kargil,194703,2020,2,11,1845.0,7,924.0
ladakh,leh ladakh,194703,2020,3,18,4376.0,8,3860.0
ladakh,leh ladakh,194104,2020,4,25,33631.0,9,9897.0
ladakh,leh ladakh,194104,2021,1,22,29962.0,6,9013.0
ladakh,leh ladakh,194101,2021,2,34,54093.0,10,12117.0
ladakh,leh ladakh,194101,2021,3,176,150296.0,108,53890.0
ladakh,leh ladakh,194104,2021,4,58,157274.0,18,48241.0
ladakh,leh ladakh,194104,2022,1,50,137974.0,18,46434.0
ladakh,leh ladakh,194104,2022,2,76,202368.0,30,62451.0
ladakh,leh ladakh,194101,2022,3,109,290203.0,41,98573.0
ladakh,leh ladakh,194104,2022,4,125,319324.0,36,87741.0
ladakh,leh ladakh,194104,2023,1,112,363267.0,38,100249.0
ladakh,leh ladakh,194101,2023,2,169,511134.0,64,180037.0
ladakh,leh ladakh,194101,2023,3,185,542018.0,56,155885.0
ladakh,leh ladakh,194104,2023,4,204,604548.0,64,260872.0
lakshadweep,lakshadweep,682555,2020,3,4,1199.0,3,550.0
lakshadweep,lakshadweep,682555,2021,1,4,5225.0,2,2132.0
lakshadweep,lakshadweep,682555,2021,2,5,6962.0,4,5474.0
lakshadweep,lakshadweep,682551,2021,3,19,16034.0,15,12506.0
lakshadweep,lakshadweep,682555,2021,4,11,17096.0,7,8240.0
lakshadweep,lakshadweep,682555,2022,1,27,34664.0,18,24036.0
lakshadweep,lakshadweep,682555,2022,2,18,27463.0,9,17440.0
lakshadweep,lakshadweep,682555,2022,3,38,41504.0,21,26201.0
lakshadweep,lakshadweep,682555,2022,4,15,27135.0,9,17265.0
lakshadweep,lakshadweep,682555,2023,1,26,30199.0,17,19233.0
lakshadweep,lakshadweep,682555,2023,2,15,38384.0,9,20879.0
lakshadweep,lakshadweep,682555,2023,3,12,12407.0,8,7305.0
lakshadweep,lakshadweep,682555,2023,4,53,78346.0,36,34964.0
madhya-pradesh,indore,452010,2020,2,1839,307509.0,307,49500.0
madhya-pradesh,indore,455001,2020,3,2651,650508.0,353,125258.0
madhya-pradesh,indore,452010,2020,4,1712,912031.0,196,150894.0
madhya-pradesh,indore,452010,2021,1,2373,1044072.0,292,123349.0
madhya-pradesh,indore,452010,2021,2,2409,1643068.0,318,217261.0
madhya-pradesh,indore,452010,2021,3,2349,1551659.0,262,158149.0
madhya-pradesh,indore,452010,2021,4,3226,3536081.0,385,363032.0
madhya-pradesh,indore,452010,2022,1,3338,4391052.0,387,458284.0
madhya-pradesh,indore,452010,2022,2,3158,4107710.0,412,425203.0
madhya-pradesh,indore,452010,2022,3,4843,5899749.0,575,669254.0
madhya-pradesh,indore,452010,2022,4,6547,8985121.0,760,1027736.0
madhya-pradesh,indore,452010,2023,1,6662,9887936.0,732,1016687.0
madhya-pradesh,indore,452010,2023,2,6566,10108928.0,746,989870.0
madhya-pradesh,indore,452010,2023,3,6387,9795734.0,841,1113092.0
madhya-pradesh,indore,452010,2023,4,8973,14811181.0,1090,1854529.0
maharashtra,pune,421201,2020,2,8699,1482628.0,668,104388.0
maharashtra,pune,410501,2020,3,18176,4567561.0,1067,278535.0
maharashtra,pune,421302,2020,4,8211,4862704.0,609,459248.0
maharashtra,pune,421302,2021,1,10913,6482027.0,802,538000.0
maharashtra,pune,410501,2021,2,14949,9422249.0,948,578550.0
maharashtra,pune,421301,2021,3,9943,8127896.0,1176,670772.0
maharashtra,pune,421301,2021,4,16039,18693479.0,1473,1157196.0
maharashtra,pune,421302,2022,1,17790,24312875.0,1673,1688051.0
maharashtra,pune,421302,2022,2,18712,24072589.0,1191,1281753.0
maharashtra,pune,411057,2022,3,19899,24823260.0,1327,1617600.0
maharashtra,pune,421302,2022,4,27018,38292195.0,2085,2245940.0
maharashtra,pune,411057,2023,1,24852,37388150.0,1914,2708878.0
maharashtra,pune,411057,2023,2,25943,39373541.0,1944,2581267.0
maharashtra,pune,411057,2023,3,25053,36210265.0,2098,2821693.0
maharashtra,pune,411057,2023,4,30243,50492209.0,2574,4010497.0
manipur,imphal west,795008,2020,2,16,3285.0,8,1155.0
manipur,imphal west,795004,2020,3,45,16382.0,18,8497.0
manipur,imphal east,795004,2020,4,20,12570.0,13,6853.0
manipur,imphal west,795004,2021,1,46,13194.0,15,4441.0
manipur,imphal west,795004,2021,2,37,32816.0,22,18379.0
manipur,imphal west,795004,2021,3,29,26747.0,16,20732.0
manipur,imphal east,795004,2021,4,34,73197.0,19,28763.0
manipur,imphal west,795004,2022,1,41,129130.0,22,68365.0
manipur,imphal west,795004,2022,2,69,180186.0,50,124541.0
manipur,imphal west,795004,2022,3,51,78530.0,22,25653.0
manipur,imphal west,795004,2022,4,77,190653.0,28,82038.0
manipur,imphal west,795004,2023,1,69,201073.0,34,121312.0
manipur,imphal west,795004,2023,2,37,84234.0,22,49004.0
manipur,imphal west,795004,2023,3,35,74416.0,25,24469.0
manipur,imphal west,795004,2023,4,84,166274.0,50,70452.0
meghalaya,east khasi hills,793001,2020,2,18,3753.0,7,1252.0
meghalaya,east khasi hills,793210,2020,3,52,14174.0,17,4534.0
meghalaya,east khasi hills,793002,2020,4,53,37940.0,22,7928.0
meghalaya,east khasi hills,793001,2021,1,39,56235.0,8,8874.0
meghalaya,east khasi hills,793001,2021,2,67,76168.0,16,18996.0
meghalaya,east khasi hills,793001,2021,3,52,83975.0,19,25607.0
meghalaya,east khasi hills,793001,2021,4,132,226912.0,42,68228.0
meghalaya,east khasi hills,793001,2022,1,133,309643.0,42,126761.0
meghalaya,east khasi hills,793001,2022,2,190,337842.0,54,73068.0
meghalaya,east khasi hills,793001,2022,3,267,427341.0,93,129948.0
meghalaya,east khasi hills,793001,2022,4,293,521881.0,76,136511.0
meghalaya,east khasi hills,793001,2023,1,229,426416.0,55,95564.0
meghalaya,east khasi hills,793001,2023,2,274,524055.0,78,117024.0
meghalaya,east khasi hills,793001,2023,3,331,624099.0,71,118274.0
meghalaya,east khasi hills,793001,2023,4,328,751846.0,72,142069.0
mizoram,aizawl,796012,2020,2,26,6121.0,10,1951.0
mizoram,aizawl,796005,2020,3,55,19936.0,16,5068.0
mizoram,aizawl,796005,2020,4,43,74456.0,15,12907.0
mizoram,aizawl,796014,2021,1,374,268255.0,318,210495.0
mizoram,aizawl,796014,2021,2,149,105527.0,101,70071.0
mizoram,aizawl,796014,2021,3,58,66033.0,28,20083.0
mizoram,aizawl,796005,2021,4,58,91842.0,20,28366.0
mizoram,aizawl,796009,2022,1,55,107088.0,15,28750.0
mizoram,aizawl,796005,2022,2,34,52843.0,10,19886.0
mizoram,aizawl,796009,2022,3,232,336391.0,73,111792.0
mizoram,aizawl,796009,2022,4,219,360472.0,95,141014.0
mizoram,aizawl,796009,2023,1,119,198553.0,40,81182.0
mizoram,aizawl,796009,2023,2,70,139004.0,24,66841.0
mizoram,aizawl,796005,2023,3,112,179859.0,34,62963.0
mizoram,aizawl,796009,2023,4,204,306611.0,57,90719.0
nagaland,dimapur,797112,2020,2,27,6065.0,19,3940.0
nagaland,dimapur,797112,2020,3,57,11587.0,24,3461.0
nagaland,dimapur,797112,2020,4,34,25648.0,15,14108.0
nagaland,dimapur,797112,2021,1,48,33072.0,26,9899.0
nagaland,dimapur,797112,2021,2,61,107022.0,33,20179.0
nagaland,dimapur,797112,2021,3,66,98101.0,23,25286.0
nagaland,dimapur,797112,2021,4,133,229207.0,59,91299.0
nagaland,dimapur,797112,2022,1,137,296222.0,71,118361.0
nagaland,dimapur,797112,2022,2,104,204434.0,46,89303.0
nagaland,dimapur,797112,2022,3,140,278631.0,66,98674.0
nagaland,dimapur,797112,2022,4,254,442630.0,111,160079.0
nagaland,dimapur,797112,2023,1,204,445500.0,101,200782.0
nagaland,dimapur,797112,2023,2,189,368751.0,94,169731.0
nagaland,dimapur,797112,2023,3,179,396241.0,101,187390.0
nagaland,dimapur,797112,2023,4,221,486852.0,108,239324.0
odisha,khordha,751002,2020,2,948,176670.0,100,17190.0
odisha,khordha,751002,2020,3,2540,565649.0,238,58689.0
odisha,khordha,751021,2020,4,1675,954884.0,118,58047.0
odisha,khordha,751019,2021,1,1758,1051292.0,121,76011.0
odisha,khordha,751006,2021,2,1626,1331503.0,125,154589.0
odisha,khordha,751024,2021,3,1726,1334699.0,119,111789.0
odisha,khordha,751024,2021,4,2185,2421437.0,205,280110.0
odisha,khordha,751024,2022,1,2159,2889267.0,172,247802.0
odisha,khordha,768038,2022,2,2952,3832775.0,371,308317.0
odisha,khordha,751002,2022,3,4154,4731441.0,355,380350.0
odisha,khordha,751024,2022,4,5189,6823790.0,420,476232.0
odisha,khordha,751024,2023,1,4227,6118201.0,337,412773.0
odisha,khordha,751002,2023,2,4794,6403803.0,407,569938.0
odisha,khordha,751002,2023,3,4977,6676447.0,355,381118.0
odisha,khordha,751002,2023,4,5909,9220158.0,460,702688.0
puducherry,puducherry,605013,2020,2,98,18574.0,25,3845.0
puducherry,puducherry,605004,2020,3,143,40754.0,26,6761.0
puducherry,puducherry,605110,2020,4,202,165945.0,35,42490.0
puducherry,puducherry,605110,2021,1,283,254440.0,35,36039.0
puducherry,puducherry,605110,2021,2,455,432658.0,51,51808.0
puducherry,puducherry,605110,2021,3,494,464835.0,88,82245.0
puducherry,puducherry,605004,2021,4,685,767854.0,99,88881.0
puducherry,puducherry,605110,2022,1,1026,1416491.0,154,245314.0
puducherry,puducherry,605004,2022,2,981,1315292.0,111,118089.0
puducherry,puducherry,605004,2022,3,1335,1659848.0,151,202621.0
puducherry,puducherry,605110,2022,4,1916,2147849.0,274,341666.0
puducherry,puducherry,605110,2023,1,1684,2191876.0,257,370449.0
puducherry,puducherry,605110,2023,2,1527,2210627.0,205,261091.0
puducherry,puducherry,605110,2023,3,1891,2380727.0,242,298911.0
puducherry,puducherry,605110,2023,4,2093,2921421.0,298,445364.0
punjab,ludhiana,143001,2020,2,558,104769.0,122,23909.0
punjab,ludhiana,143001,2020,3,580,147327.0,136,35876.0
punjab,ludhiana,143001,2020,4,516,306909.0,123,81797.0
punjab,ludhiana,143001,2021,1,861,369315.0,212,90359.0
punjab,ludhiana,143001,2021,2,898,599843.0,266,228609.0
punjab,ludhiana,143001,2021,3,988,855879.0,238,172614.0
punjab,sas nagar,151501,2021,4,1079,1484361.0,512,194744.0
punjab,ludhiana,151501,2022,1,1184,2120278.0,630,257611.0
punjab,sas nagar,143001,2022,2,1609,2609655.0,447,708848.0
punjab,sas nagar,143001,2022,3,2303,3176155.0,657,990484.0
punjab,sas nagar,143001,2022,4,2288,3709862.0,623,946537.0
punjab,sas nagar,143001,2023,1,2146,4086044.0,576,1059132.0
punjab,sas nagar,143001,2023,2,2606,4613121.0,1098,1550651.0
punjab,sas nagar,143001,2023,3,2820,4641417.0,902,1230501.0
punjab,sas nagar,143001,2023,4,2981,5886008.0,681,1299639.0
rajasthan,jaipur,302012,2020,2,2009,379106.0,172,32400.0
rajasthan,jaipur,345021,2020,3,4428,1131777.0,1003,203794.0
rajasthan,jaipur,302012,2020,4,3318,1641429.0,291,162983.0
rajasthan,jaipur,302012,2021,1,4630,2056318.0,359,183588.0
rajasthan,jaipur,302012,2021,2,4282,3189878.0,399,263480.0
rajasthan,jaipur,302012,2021,3,4107,3228729.0,413,360214.0
rajasthan,jaipur,302012,2021,4,5571,6278712.0,535,664537.0
rajasthan,jaipur,302012,2022,1,6330,8534407.0,734,972266.0
rajasthan,jaipur,302012,2022,2,7224,9069667.0,707,888678.0
rajasthan,jaipur,302012,2022,3,9778,11871696.0,959,1175252.0
rajasthan,jaipur,302012,2022,4,12312,16383317.0,1201,1616414.0
rajasthan,jaipur,302012,2023,1,10690,16192985.0,1011,1646784.0
rajasthan,jaipur,302012,2023,2,11344,16436901.0,1057,1461334.0
rajasthan,jaipur,302012,2023,3,12126,17396150.0,1219,1860747.0
rajasthan,jaipur,302012,2023,4,14759,25167653.0,1482,2523355.0
sikkim,east,737101,2020,2,16,3449.0,4,693.0
sikkim,east,737101,2020,3,66,20284.0,20,7008.0
sikkim,east,737132,2020,4,41,26778.0,10,7724.0
sikkim,east,737102,2021,1,72,64393.0,19,14604.0
sikkim,east,737102,2021,2,55,77437.0,18,21791.0
sikkim,east,737135,2021,3,67,86194.0,18,12745.0
sikkim,east,737102,2021,4,109,291074.0,31,49179.0
sikkim,east,737101,2022,1,157,463841.0,60,172245.0
sikkim,east,737101,2022,2,99,233452.0,28,88553.0
sikkim,east,737102,2022,3,165,310190.0,49,63214.0
sikkim,east,737101,2022,4,192,377889.0,52,96887.0
sikkim,east,737101,2023,1,158,380139.0,38,101511.0
sikkim,east,737101,2023,2,169,366045.0,53,121203.0
sikkim,east,737102,2023,3,155,436190.0,49,84286.0
sikkim,east,737101,2023,4,184,485048.0,51,119245.0
tamil-nadu,chennai,600042,2020,2,1251,220843.0,93,15991.0
tamil-nadu,chennai,641603,2020,3,1054,285279.0,120,23382.0
tamil-nadu,chennai,641602,2020,4,1615,1430154.0,124,86533.0
tamil-nadu,chennai,600100,2021,1,2570,2012553.0,153,157286.0
tamil-nadu,chennai,600100,2021,2,2673,2195652.0,161,151891.0
tamil-nadu,chennai,641602,2021,3,4367,3861435.0,275,186708.0
tamil-nadu,chennai,641602,2021,4,5769,6143037.0,469,473016.0
tamil-nadu,chennai,600100,2022,1,9138,9949256.0,528,601074.0
tamil-nadu,chennai,600100,2022,2,8966,9428379.0,631,647439.0
tamil-nadu,chennai,600100,2022,3,12059,12069618.0,812,945525.0
tamil-nadu,chennai,641602,2022,4,21588,21184965.0,1510,1658165.0
tamil-nadu,chennai,600100,2023,1,20140,20511279.0,1180,1420018.0
tamil-nadu,chennai,600100,2023,2,15678,16453783.0,1106,1302940.0
tamil-nadu,chennai,600100,2023,3,17189,16904783.0,1118,1426946.0
tamil-nadu,chennai,600100,2023,4,18144,19953865.0,1258,1760781.0
telangana,hyderabad,500072,2020,2,4783,805518.0,760,122394.0
telangana,rangareddy,500072,2020,3,6340,1509162.0,1103,243812.0
telangana,hyderabad,500072,2020,4,3682,1892565.0,554,307425.0
telangana,hyderabad,500072,2021,1,5067,2446647.0,677,374999.0
telangana,rangareddy,500072,2021,2,5618,4515303.0,915,574372.0
telangana,hyderabad,500072,2021,3,5201,3813732.0,803,638626.0
telangana,hyderabad,500072,2021,4,7016,7001072.0,1157,1344799.0
telangana,hyderabad,500072,2022,1,7434,9813417.0,1197,1628490.0
telangana,rangareddy,500072,2022,2,10065,13653367.0,1794,2115388.0
telangana,rangareddy,500072,2022,3,11801,15523643.0,2176,2594114.0
telangana,rangareddy,500072,2022,4,15005,21565381.0,2486,3151661.0
telangana,rangareddy,500072,2023,1,13622,21152107.0,2244,3175666.0
telangana,rangareddy,500072,2023,2,13998,20753771.0,2534,3686902.0
telangana,rangareddy,500072,2023,3,16236,23374057.0,2646,3365765.0
telangana,rangareddy,500072,2023,4,16541,29175361.0,2539,4276139.0
tripura,west tripura,799001,2020,2,46,11646.0,10,1941.0
tripura,west tripura,799001,2020,3,117,31197.0,34,10471.0
tripura,west tripura,799001,2020,4,122,71380.0,19,7373.0
tripura,west tripura,799001,2021,1,166,96897.0,40,25228.0
tripura,west tripura,799003,2021,2,188,208504.0,27,36368.0
tripura,west tripura,799001,2021,3,296,357068.0,65,56240.0
tripura,west tripura,799001,2021,4,327,462804.0,65,64361.0
tripura,west tripura,799001,2022,1,469,689545.0,95,137163.0
tripura,west tripura,799001,2022,2,543,677226.0,101,98404.0
tripura,west tripura,799001,2022,3,823,1010660.0,153,144941.0
tripura,west tripura,799001,2022,4,746,953813.0,138,166359.0
tripura,west tripura,799001,2023,1,763,1011368.0,155,183935.0
tripura,west tripura,799001,2023,2,844,1100963.0,172,194970.0
tripura,west tripura,799001,2023,3,1066,1369406.0,185,207205.0
tripura,west tripura,799001,2023,4,1069,1383929.0,232,290875.0
uttar-pradesh,gautam buddha nagar,201307,2020,2,2335,394994.0,539,83923.0
uttar-pradesh,gautam buddha nagar,201301,2020,3,1969,502733.0,427,95476.0
uttar-pradesh,gautam buddha nagar,201301,2020,4,1890,1432507.0,496,320628.0
uttar-pradesh,gautam buddha nagar,201301,2021,1,2704,1750483.0,697,383781.0
uttar-pradesh,gautam buddha nagar,244001,2021,2,2623,2093735.0,654,325380.0
uttar-pradesh,gautam buddha nagar,201301,2021,3,3442,3050678.0,846,600065.0
uttar-pradesh,ghaziabad,201301,2021,4,4654,5977135.0,1049,1126772.0
uttar-pradesh,ghaziabad,201301,2022,1,4758,6537190.0,1052,1180961.0
uttar-pradesh,gautam buddha nagar,201301,2022,2,5904,7335621.0,1312,1413747.0
uttar-pradesh,gautam buddha nagar,201301,2022,3,7470,8955231.0,1886,1908594.0
uttar-pradesh,gautam buddha nagar,201301,2022,4,9335,12220201.0,2193,2399892.0
uttar-pradesh,ghaziabad,201301,2023,1,8919,12476473.0,2080,2580701.0
uttar-pradesh,gautam buddha nagar,201301,2023,2,8903,13095093.0,1992,2418828.0
uttar-pradesh,gautam buddha nagar,201301,2023,3,10225,13643003.0,2320,2626339.0
uttar-pradesh,gautam buddha nagar,201301,2023,4,10878,17960233.0,2521,3339961.0
uttarakhand,dehradun,248001,2020,2,313,59251.0,134,23867.0
uttarakhand,dehradun,248001,2020,3,482,166568.0,175,57961.0
uttarakhand,dehradun,248001,2020,4,577,620548.0,148,170094.0
uttarakhand,dehradun,248001,2021,1,761,878779.0,235,272729.0
uttarakhand,dehradun,248001,2021,2,858,1143631.0,222,252535.0
uttarakhand,haridwar,247667,2021,3,1255,1050466.0,409,257998.0
uttarakhand,dehradun,248001,2021,4,1681,2630885.0,521,731215.0
uttarakhand,dehradun,248001,2022,1,1774,2986200.0,549,923054.0
uttarakhand,dehradun,248001,2022,2,2015,3197024.0,605,834941.0
uttarakhand,dehradun,248001,2022,3,2235,3326547.0,615,830504.0
uttarakhand,dehradun,248001,2022,4,2944,4789862.0,814,1328545.0
uttarakhand,dehradun,248001,2023,1,2611,4615566.0,741,1231807.0
uttarakhand,dehradun,248001,2023,2,2830,4928013.0,738,1212111.0
uttarakhand,dehradun,248001,2023,3,2753,4269377.0,764,1089443.0
uttarakhand,dehradun,248001,2023,4,3417,6454643.0,933,1682051.0
west-bengal,north twenty four parganas,711101,2020,2,2047,355405.0,108,17860.0
west-bengal,north twenty four parganas,711101,2020,3,2689,617166.0,111,21032.0
west-bengal,north twenty four parganas,700017,2020,4,1914,1511195.0,187,136281.0
west-bengal,kolkata,700046,2021,1,3750,2611912.0,750,471141.0
west-bengal,north twenty four parganas,712138,2021,2,3025,2628371.0,724,263805.0
west-bengal,kolkata,712138,2021,3,4808,3468389.0,1350,480755.0
west-bengal,north twenty four parganas,732101,2021,4,4922,5698422.0,298,252105.0
west-bengal,kolkata,734006,2022,1,6763,7736401.0,439,402290.0
west-bengal,north twenty four parganas,734006,2022,2,6379,8088304.0,388,358646.0
west-bengal,north twenty four parganas,711101,2022,3,8821,10908223.0,445,430598.0
west-bengal,north twenty four parganas,711101,2022,4,10071,13297497.0,509,510667.0
west-bengal,north twenty four parganas,711101,2023,1,11211,15232572.0,595,657261.0
west-bengal,north twenty four parganas,700039,2023,2,9956,12796714.0,493,598387.0
west-bengal,north twenty four parganas,700091,2023,3,11653,15397844.0,557,680347.0
west-bengal,north twenty four parganas,700156,2023,4,13483,19211808.0,699,1054625.0
